dataset	effect_type	model	comparison	target	unit	aggregate_conditions	independent_coffee_groups	mae	rmse	train_standardized_mae	train_standardized_rmse	baseline_error_minus_model_error	paired_group_95_interval	scope	status	reason
iswaldi_chemical	PHYSICOCHEMICAL_EFFECT	C_BASE	C_BASE	Caffeine (mg/g)	mg/g	12	2	1.7763888888888888	2.063079548205115	1.1380411198413276	1.3259461409997375	0.0	[0.0, 0.0]	AGGREGATE_ONLY; source-native roast, not product seven bins	INCONCLUSIVE	Small source-specific grouped evaluation; no universal causal or descriptor inference claim
iswaldi_chemical	PHYSICOCHEMICAL_EFFECT	C_BASE	C_BASE	Chlorogenic acid (mg/g)	mg/g	12	2	3.052777777777777	3.5694706657056776	0.8554293796961178	1.000113947255046	0.0	[0.0, 0.0]	AGGREGATE_ONLY; source-native roast, not product seven bins	INCONCLUSIVE	Small source-specific grouped evaluation; no universal causal or descriptor inference claim
iswaldi_chemical	PHYSICOCHEMICAL_EFFECT	C_BASE	C_BASE	IC 50 (ppm)	ppm	12	2	18.423333333333332	19.98800765459129	2.194203227106617	2.396900712763787	0.0	[0.0, 0.0]	AGGREGATE_ONLY; source-native roast, not product seven bins	INCONCLUSIVE	Small source-specific grouped evaluation; no universal causal or descriptor inference claim
iswaldi_chemical	PHYSICOCHEMICAL_EFFECT	C_BASE	C_BASE	TFC (mg RE/g)	mg RE/g	12	2	0.6780555555555554	0.8326221965707028	1.103288922072586	1.3711839034451065	0.0	[0.0, 0.0]	AGGREGATE_ONLY; source-native roast, not product seven bins	INCONCLUSIVE	Small source-specific grouped evaluation; no universal causal or descriptor inference claim
iswaldi_chemical	PHYSICOCHEMICAL_EFFECT	C_BASE	C_BASE	TPC (mg GAE/g)	mg GAE/g	12	2	3.602222222222222	4.570142685591629	0.8739197141638192	1.1454382673069596	0.0	[0.0, 0.0]	AGGREGATE_ONLY; source-native roast, not product seven bins	INCONCLUSIVE	Small source-specific grouped evaluation; no universal causal or descriptor inference claim
iswaldi_chemical	PHYSICOCHEMICAL_EFFECT	C_C0	C_BASE	Caffeine (mg/g)	mg/g	12	2	1.4625694444444441	1.725465768439222	0.9365955046621416	1.1083505936053835	0.31381944444444443	[0.3120833333333328, 0.31555555555555603]	AGGREGATE_ONLY; source-native roast, not product seven bins	INCONCLUSIVE	Small source-specific grouped evaluation; no universal causal or descriptor inference claim
iswaldi_chemical	PHYSICOCHEMICAL_EFFECT	C_C0	C_BASE	Chlorogenic acid (mg/g)	mg/g	12	2	3.1798611111111104	3.582048958289562	0.8908438143265237	1.0035186460464016	-0.1270833333333333	[-0.2541666666666666, 0.0]	AGGREGATE_ONLY; source-native roast, not product seven bins	INCONCLUSIVE	Small source-specific grouped evaluation; no universal causal or descriptor inference claim
iswaldi_chemical	PHYSICOCHEMICAL_EFFECT	C_C0	C_BASE	IC 50 (ppm)	ppm	12	2	18.070000000000004	19.53344991610545	2.1479434530386876	2.3419218260034724	0.35333333333333233	[0.0, 0.7066666666666647]	AGGREGATE_ONLY; source-native roast, not product seven bins	INCONCLUSIVE	Small source-specific grouped evaluation; no universal causal or descriptor inference claim
iswaldi_chemical	PHYSICOCHEMICAL_EFFECT	C_C0	C_BASE	TFC (mg RE/g)	mg RE/g	12	2	0.5740972222222221	0.636491099811214	0.9318343119166183	1.0473002165632208	0.10395833333333337	[0.08333333333333355, 0.1245833333333332]	AGGREGATE_ONLY; source-native roast, not product seven bins	INCONCLUSIVE	Small source-specific grouped evaluation; no universal causal or descriptor inference claim
iswaldi_chemical	PHYSICOCHEMICAL_EFFECT	C_C0	C_BASE	TPC (mg GAE/g)	mg GAE/g	12	2	3.351388888888889	3.961019275125617	0.8049364131657094	0.9954173367644447	0.25083333333333346	[0.0, 0.5016666666666669]	AGGREGATE_ONLY; source-native roast, not product seven bins	INCONCLUSIVE	Small source-specific grouped evaluation; no universal causal or descriptor inference claim
iswaldi_chemical	PHYSICOCHEMICAL_EFFECT	C_C1	C_BASE	Caffeine (mg/g)	mg/g	12	2	1.770462962962963	2.039702153880122	1.1357715045691388	1.3111529047117159	0.005925925925925668	[-0.07629629629629638, 0.08814814814814771]	AGGREGATE_ONLY; source-native roast, not product seven bins	INCONCLUSIVE	Small source-specific grouped evaluation; no universal causal or descriptor inference claim
iswaldi_chemical	PHYSICOCHEMICAL_EFFECT	C_C1	C_BASE	Chlorogenic acid (mg/g)	mg/g	12	2	1.3984259259259257	1.6768370707162918	0.39199409793608514	0.46997053080125667	1.6543518518518516	[1.6161111111111108, 1.6925925925925924]	AGGREGATE_ONLY; source-native roast, not product seven bins	INCONCLUSIVE	Small source-specific grouped evaluation; no universal causal or descriptor inference claim
iswaldi_chemical	PHYSICOCHEMICAL_EFFECT	C_C1	C_BASE	IC 50 (ppm)	ppm	12	2	18.07	19.306524180336705	2.1479434530386876	2.3137336093480085	0.3533333333333353	[4.736951571734001e-15, 0.7066666666666658]	AGGREGATE_ONLY; source-native roast, not product seven bins	INCONCLUSIVE	Small source-specific grouped evaluation; no universal causal or descriptor inference claim
iswaldi_chemical	PHYSICOCHEMICAL_EFFECT	C_C1	C_BASE	TFC (mg RE/g)	mg RE/g	12	2	0.5982407407407407	0.7934137642079118	0.9752173758554296	1.3068960797141156	0.07981481481481478	[0.07629629629629624, 0.08333333333333333]	AGGREGATE_ONLY; source-native roast, not product seven bins	INCONCLUSIVE	Small source-specific grouped evaluation; no universal causal or descriptor inference claim
iswaldi_chemical	PHYSICOCHEMICAL_EFFECT	C_C1	C_BASE	TPC (mg GAE/g)	mg GAE/g	12	2	2.440833333333333	3.2357921874321454	0.5953551252663666	0.8269095071538163	1.1613888888888895	[1.0794444444444455, 1.2433333333333334]	AGGREGATE_ONLY; source-native roast, not product seven bins	INCONCLUSIVE	Small source-specific grouped evaluation; no universal causal or descriptor inference claim
iswaldi_chemical	PHYSICOCHEMICAL_EFFECT	C_ADD	C_BASE	Caffeine (mg/g)	mg/g	12	2	1.4644444444444444	1.6974450719762757	0.9394781340890983	1.0906098335551906	0.31194444444444414	[0.22365740740740728, 0.40023148148148097]	AGGREGATE_ONLY; source-native roast, not product seven bins	INCONCLUSIVE	Small source-specific grouped evaluation; no universal causal or descriptor inference claim
iswaldi_chemical	PHYSICOCHEMICAL_EFFECT	C_ADD	C_BASE	Chlorogenic acid (mg/g)	mg/g	12	2	1.4793749999999999	1.703448404847765	0.41450181100009736	0.47717299304376964	1.573402777777778	[1.4969444444444446, 1.649861111111111]	AGGREGATE_ONLY; source-native roast, not product seven bins	INCONCLUSIVE	Small source-specific grouped evaluation; no universal causal or descriptor inference claim
iswaldi_chemical	PHYSICOCHEMICAL_EFFECT	C_ADD	C_BASE	IC 50 (ppm)	ppm	12	2	18.069999999999997	18.835527376501194	2.147943453038687	2.256729498032595	0.3533333333333347	[4.736951571734001e-15, 0.7066666666666647]	AGGREGATE_ONLY; source-native roast, not product seven bins	INCONCLUSIVE	Small source-specific grouped evaluation; no universal causal or descriptor inference claim
iswaldi_chemical	PHYSICOCHEMICAL_EFFECT	C_ADD	C_BASE	TFC (mg RE/g)	mg RE/g	12	2	0.5416666666666666	0.5842658634142803	0.8735604168271891	0.9615975300085449	0.13638888888888892	[0.08333333333333355, 0.18944444444444428]	AGGREGATE_ONLY; source-native roast, not product seven bins	INCONCLUSIVE	Small source-specific grouped evaluation; no universal causal or descriptor inference claim
iswaldi_chemical	PHYSICOCHEMICAL_EFFECT	C_ADD	C_BASE	TPC (mg GAE/g)	mg GAE/g	12	2	1.6530555555555555	2.296480048138218	0.40537412992876626	0.6021679027824529	1.9491666666666672	[1.7844444444444456, 2.1138888888888885]	AGGREGATE_ONLY; source-native roast, not product seven bins	INCONCLUSIVE	Small source-specific grouped evaluation; no universal causal or descriptor inference claim
iswaldi_chemical	PHYSICOCHEMICAL_EFFECT	C_JOINT	C_ADD	Caffeine (mg/g)	mg/g	12	2	1.4395954997383569	1.6662664016064375	0.9235432551928676	1.0705968825630616	0.02484894470608756	[0.024126095737440362, 0.02557179367473476]	AGGREGATE_ONLY; source-native roast, not product seven bins	INCONCLUSIVE	Small source-specific grouped evaluation; no universal causal or descriptor inference claim
iswaldi_chemical	PHYSICOCHEMICAL_EFFECT	C_JOINT	C_ADD	Chlorogenic acid (mg/g)	mg/g	12	2	1.4555850955766925	1.6798951906362196	0.4078199414990717	0.4705721335956471	0.02378990442330753	[0.012578133817629475, 0.03500167502898558]	AGGREGATE_ONLY; source-native roast, not product seven bins	INCONCLUSIVE	Small source-specific grouped evaluation; no universal causal or descriptor inference claim
iswaldi_chemical	PHYSICOCHEMICAL_EFFECT	C_JOINT	C_ADD	IC 50 (ppm)	ppm	12	2	18.069999999999997	18.861035792132267	2.1479434530386876	2.259706012858991	-5.921189464667501e-16	[-2.3684757858670005e-15, 1.1842378929335002e-15]	AGGREGATE_ONLY; source-native roast, not product seven bins	INCONCLUSIVE	Small source-specific grouped evaluation; no universal causal or descriptor inference claim
iswaldi_chemical	PHYSICOCHEMICAL_EFFECT	C_JOINT	C_ADD	TFC (mg RE/g)	mg RE/g	12	2	0.5416666666666666	0.5833665410806588	0.8735604168271892	0.9599816926695937	-7.401486830834377e-17	[-1.4802973661668753e-16, 0.0]	AGGREGATE_ONLY; source-native roast, not product seven bins	INCONCLUSIVE	Small source-specific grouped evaluation; no universal causal or descriptor inference claim
iswaldi_chemical	PHYSICOCHEMICAL_EFFECT	C_JOINT	C_ADD	TPC (mg GAE/g)	mg GAE/g	12	2	1.6492462215655495	2.285742334755787	0.404326500294607	0.5991328840871573	0.003809333990006121	[-5.921189464667501e-16, 0.007618667980012835]	AGGREGATE_ONLY; source-native roast, not product seven bins	INCONCLUSIVE	Small source-specific grouped evaluation; no universal causal or descriptor inference claim
iswaldi_consumer_sensory	SENSORY_ATTRIBUTE_EFFECT	C_BASE	C_BASE	acidity	source 0-7 RATA intensity mean	12	2	0.8022222222222221	0.8682389584030935	1.032436922130416	1.1167808491726299	0.0	[0.0, 0.0]	AGGREGATE_ONLY; source-native roast, not product seven bins	INCONCLUSIVE	Small source-specific grouped evaluation; no universal causal or descriptor inference claim
iswaldi_consumer_sensory	SENSORY_ATTRIBUTE_EFFECT	C_BASE	C_BASE	aroma	source 0-7 RATA intensity mean	12	2	0.45555555555555555	0.6172159715655092	0.7383699643532177	1.0005749563324742	0.0	[0.0, 0.0]	AGGREGATE_ONLY; source-native roast, not product seven bins	INCONCLUSIVE	Small source-specific grouped evaluation; no universal causal or descriptor inference claim
iswaldi_consumer_sensory	SENSORY_ATTRIBUTE_EFFECT	C_BASE	C_BASE	bitterness	source 0-7 RATA intensity mean	12	2	0.8194444444444446	0.8930689907404816	0.935052783499155	1.0227401105243779	0.0	[0.0, 0.0]	AGGREGATE_ONLY; source-native roast, not product seven bins	INCONCLUSIVE	Small source-specific grouped evaluation; no universal causal or descriptor inference claim
iswaldi_consumer_sensory	SENSORY_ATTRIBUTE_EFFECT	C_BASE	C_BASE	colour	source 0-7 RATA intensity mean	12	2	1.0877777777777775	1.2141114720925201	0.9013795544258132	1.0061682752467704	0.0	[0.0, 0.0]	AGGREGATE_ONLY; source-native roast, not product seven bins	INCONCLUSIVE	Small source-specific grouped evaluation; no universal causal or descriptor inference claim
iswaldi_consumer_sensory	SENSORY_ATTRIBUTE_EFFECT	C_BASE	C_BASE	mouthfeel	source 0-7 RATA intensity mean	12	2	0.57	0.7224649164876836	0.8428132365770695	1.076654210325962	0.0	[0.0, 0.0]	AGGREGATE_ONLY; source-native roast, not product seven bins	INCONCLUSIVE	Small source-specific grouped evaluation; no universal causal or descriptor inference claim
iswaldi_consumer_sensory	SENSORY_ATTRIBUTE_EFFECT	C_C0	C_BASE	acidity	source 0-7 RATA intensity mean	12	2	0.8022222222222224	0.8549002947062827	1.032436922130416	1.0999367538620268	-1.1102230246251565e-16	[-1.4802973661668753e-16, -7.401486830834377e-17]	AGGREGATE_ONLY; source-native roast, not product seven bins	INCONCLUSIVE	Small source-specific grouped evaluation; no universal causal or descriptor inference claim
iswaldi_consumer_sensory	SENSORY_ATTRIBUTE_EFFECT	C_C0	C_BASE	aroma	source 0-7 RATA intensity mean	12	2	0.37027777777777793	0.47568955796354795	0.6002774956256184	0.7710474224326578	0.08527777777777765	[0.08, 0.09055555555555528]	AGGREGATE_ONLY; source-native roast, not product seven bins	INCONCLUSIVE	Small source-specific grouped evaluation; no universal causal or descriptor inference claim
iswaldi_consumer_sensory	SENSORY_ATTRIBUTE_EFFECT	C_C0	C_BASE	bitterness	source 0-7 RATA intensity mean	12	2	0.7806944444444447	0.8258406911882112	0.8929146830883096	0.9476096249554921	0.03875000000000006	[1.4802973661668753e-16, 0.07749999999999997]	AGGREGATE_ONLY; source-native roast, not product seven bins	INCONCLUSIVE	Small source-specific grouped evaluation; no universal causal or descriptor inference claim
iswaldi_consumer_sensory	SENSORY_ATTRIBUTE_EFFECT	C_C0	C_BASE	colour	source 0-7 RATA intensity mean	12	2	1.038611111111111	1.1466145821504277	0.8608214395349285	0.9502670414964732	0.04916666666666673	[1.4802973661668753e-16, 0.09833333333333331]	AGGREGATE_ONLY; source-native roast, not product seven bins	INCONCLUSIVE	Small source-specific grouped evaluation; no universal causal or descriptor inference claim
iswaldi_consumer_sensory	SENSORY_ATTRIBUTE_EFFECT	C_C0	C_BASE	mouthfeel	source 0-7 RATA intensity mean	12	2	0.5	0.5900117701274179	0.7376147458514483	0.8769544386449477	0.06999999999999998	[0.04833333333333334, 0.09166666666666663]	AGGREGATE_ONLY; source-native roast, not product seven bins	INCONCLUSIVE	Small source-specific grouped evaluation; no universal causal or descriptor inference claim
iswaldi_consumer_sensory	SENSORY_ATTRIBUTE_EFFECT	C_C1	C_BASE	acidity	source 0-7 RATA intensity mean	12	2	0.4651851851851852	0.5796225889999564	0.5985080192986635	0.7451821132768698	0.3370370370370369	[0.3066666666666665, 0.3674074074074074]	AGGREGATE_ONLY; source-native roast, not product seven bins	INCONCLUSIVE	Small source-specific grouped evaluation; no universal causal or descriptor inference claim
iswaldi_consumer_sensory	SENSORY_ATTRIBUTE_EFFECT	C_C1	C_BASE	aroma	source 0-7 RATA intensity mean	12	2	0.4066666666666667	0.5039865763448492	0.6592736857904492	0.816836914827266	0.04888888888888891	[0.04222222222222216, 0.05555555555555566]	AGGREGATE_ONLY; source-native roast, not product seven bins	INCONCLUSIVE	Small source-specific grouped evaluation; no universal causal or descriptor inference claim
iswaldi_consumer_sensory	SENSORY_ATTRIBUTE_EFFECT	C_C1	C_BASE	bitterness	source 0-7 RATA intensity mean	12	2	0.43018518518518517	0.5369018348328803	0.4913863661807838	0.6137375783047742	0.3892592592592594	[0.3866666666666669, 0.39185185185185195]	AGGREGATE_ONLY; source-native roast, not product seven bins	INCONCLUSIVE	Small source-specific grouped evaluation; no universal causal or descriptor inference claim
iswaldi_consumer_sensory	SENSORY_ATTRIBUTE_EFFECT	C_C1	C_BASE	colour	source 0-7 RATA intensity mean	12	2	0.5548148148148148	0.6748955108883774	0.4597082837890282	0.5592516514405481	0.532962962962963	[0.5296296296296296, 0.5362962962962964]	AGGREGATE_ONLY; source-native roast, not product seven bins	INCONCLUSIVE	Small source-specific grouped evaluation; no universal causal or descriptor inference claim
iswaldi_consumer_sensory	SENSORY_ATTRIBUTE_EFFECT	C_C1	C_BASE	mouthfeel	source 0-7 RATA intensity mean	12	2	0.44666666666666677	0.5348543126894175	0.6632065478844384	0.8051726173108659	0.1233333333333333	[0.11999999999999995, 0.12666666666666662]	AGGREGATE_ONLY; source-native roast, not product seven bins	INCONCLUSIVE	Small source-specific grouped evaluation; no universal causal or descriptor inference claim
iswaldi_consumer_sensory	SENSORY_ATTRIBUTE_EFFECT	C_ADD	C_BASE	acidity	source 0-7 RATA intensity mean	12	2	0.4651851851851852	0.5594443410018662	0.5985080192986635	0.7196928368169119	0.3370370370370369	[0.3066666666666665, 0.3674074074074074]	AGGREGATE_ONLY; source-native roast, not product seven bins	INCONCLUSIVE	Small source-specific grouped evaluation; no universal causal or descriptor inference claim
iswaldi_consumer_sensory	SENSORY_ATTRIBUTE_EFFECT	C_ADD	C_BASE	aroma	source 0-7 RATA intensity mean	12	2	0.25305555555555564	0.31516260745177643	0.4094161492112442	0.510476669226752	0.20249999999999985	[0.16148148148148134, 0.24351851851851838]	AGGREGATE_ONLY; source-native roast, not product seven bins	INCONCLUSIVE	Small source-specific grouped evaluation; no universal causal or descriptor inference claim
iswaldi_consumer_sensory	SENSORY_ATTRIBUTE_EFFECT	C_ADD	C_BASE	bitterness	source 0-7 RATA intensity mean	12	2	0.36666666666666675	0.41557695466292843	0.42112027372424204	0.4781636567706506	0.45277777777777783	[0.41481481481481497, 0.49074074074074076]	AGGREGATE_ONLY; source-native roast, not product seven bins	INCONCLUSIVE	Small source-specific grouped evaluation; no universal causal or descriptor inference claim
iswaldi_consumer_sensory	SENSORY_ATTRIBUTE_EFFECT	C_ADD	C_BASE	colour	source 0-7 RATA intensity mean	12	2	0.4729629629629628	0.5441895661905115	0.3920088572786357	0.4509936381817145	0.6148148148148149	[0.5837037037037038, 0.6459259259259259]	AGGREGATE_ONLY; source-native roast, not product seven bins	INCONCLUSIVE	Small source-specific grouped evaluation; no universal causal or descriptor inference claim
iswaldi_consumer_sensory	SENSORY_ATTRIBUTE_EFFECT	C_ADD	C_BASE	mouthfeel	source 0-7 RATA intensity mean	12	2	0.25898148148148153	0.33500368525704693	0.38599435461356774	0.5081020985133646	0.31101851851851847	[0.2912962962962962, 0.3307407407407407]	AGGREGATE_ONLY; source-native roast, not product seven bins	INCONCLUSIVE	Small source-specific grouped evaluation; no universal causal or descriptor inference claim
iswaldi_consumer_sensory	SENSORY_ATTRIBUTE_EFFECT	C_JOINT	C_ADD	acidity	source 0-7 RATA intensity mean	12	2	0.46200496608899994	0.5582998676962471	0.5944049255978171	0.7182040477380642	0.003180219096185377	[0.002611383014744284, 0.0037490551776264702]	AGGREGATE_ONLY; source-native roast, not product seven bins	INCONCLUSIVE	Small source-specific grouped evaluation; no universal causal or descriptor inference claim
iswaldi_consumer_sensory	SENSORY_ATTRIBUTE_EFFECT	C_JOINT	C_ADD	aroma	source 0-7 RATA intensity mean	12	2	0.24357706159386835	0.30275410629421	0.3940680448574699	0.49034505156866554	0.009478493961687318	[0.008857837151954984, 0.010099150771419652]	AGGREGATE_ONLY; source-native roast, not product seven bins	INCONCLUSIVE	Small source-specific grouped evaluation; no universal causal or descriptor inference claim
iswaldi_consumer_sensory	SENSORY_ATTRIBUTE_EFFECT	C_JOINT	C_ADD	bitterness	source 0-7 RATA intensity mean	12	2	0.3647659063625452	0.4154958617540752	0.4188332577168486	0.47796225314165103	0.0019007603041215255	[-0.0004312836245611666, 0.0042328042328042175]	AGGREGATE_ONLY; source-native roast, not product seven bins	INCONCLUSIVE	Small source-specific grouped evaluation; no universal causal or descriptor inference claim
iswaldi_consumer_sensory	SENSORY_ATTRIBUTE_EFFECT	C_JOINT	C_ADD	colour	source 0-7 RATA intensity mean	12	2	0.46746031746031735	0.5376831735030158	0.3874471827632011	0.4456004333859673	0.0055026455026454535	[0.005049130763416547, 0.00595616024187436]	AGGREGATE_ONLY; source-native roast, not product seven bins	INCONCLUSIVE	Small source-specific grouped evaluation; no universal causal or descriptor inference claim
iswaldi_consumer_sensory	SENSORY_ATTRIBUTE_EFFECT	C_JOINT	C_ADD	mouthfeel	source 0-7 RATA intensity mean	12	2	0.25726347975087477	0.334367596623027	0.3833174603330372	0.5069647251679728	0.0017180017306067663	[0.000499478423848195, 0.0029365250373653375]	AGGREGATE_ONLY; source-native roast, not product seven bins	INCONCLUSIVE	Small source-specific grouped evaluation; no universal causal or descriptor inference claim
stanek_chemical	PHYSICOCHEMICAL_EFFECT	C_BASE	C_BASE	3-CQA	mg/100 g (source coffee-brew report basis)	18	6	65.62222222222223	75.06184117113037	1.0222969078791109	1.1833100735791386	0.0	[0.0, 0.0]	AGGREGATE_ONLY; source-native roast, not product seven bins	INCONCLUSIVE	Small source-specific grouped evaluation; no universal causal or descriptor inference claim
stanek_chemical	PHYSICOCHEMICAL_EFFECT	C_BASE	C_BASE	4-CQA	mg/100 g (source coffee-brew report basis)	18	6	30.259259259259263	34.35899795891523	1.0404256852741365	1.193106980437216	0.0	[0.0, 0.0]	AGGREGATE_ONLY; source-native roast, not product seven bins	INCONCLUSIVE	Small source-specific grouped evaluation; no universal causal or descriptor inference claim
stanek_chemical	PHYSICOCHEMICAL_EFFECT	C_BASE	C_BASE	5-CQA	mg/100 g (source coffee-brew report basis)	18	6	21.05185185185185	23.97205162807846	1.0067279508999318	1.1533163853266433	0.0	[0.0, 0.0]	AGGREGATE_ONLY; source-native roast, not product seven bins	INCONCLUSIVE	Small source-specific grouped evaluation; no universal causal or descriptor inference claim
stanek_chemical	PHYSICOCHEMICAL_EFFECT	C_BASE	C_BASE	5-HMF	mg/100 g (source coffee-brew report basis)	18	6	6.999999999999999	8.178834472792154	1.0751572170670063	1.2862800345578558	0.0	[0.0, 0.0]	AGGREGATE_ONLY; source-native roast, not product seven bins	INCONCLUSIVE	Small source-specific grouped evaluation; no universal causal or descriptor inference claim
stanek_chemical	PHYSICOCHEMICAL_EFFECT	C_BASE	C_BASE	Caffeine	mg/100 g (source coffee-brew report basis)	18	6	53.340740740740735	66.48566540017255	1.0980402335688946	1.5371661372737573	0.0	[0.0, 0.0]	AGGREGATE_ONLY; source-native roast, not product seven bins	INCONCLUSIVE	Small source-specific grouped evaluation; no universal causal or descriptor inference claim
stanek_chemical	PHYSICOCHEMICAL_EFFECT	C_BASE	C_BASE	Gallic acid	mg/100 g (source coffee-brew report basis)	18	6	6.333333333333333	8.45055334589705	1.239623810392698	1.9576533902393605	0.0	[0.0, 0.0]	AGGREGATE_ONLY; source-native roast, not product seven bins	INCONCLUSIVE	Small source-specific grouped evaluation; no universal causal or descriptor inference claim
stanek_chemical	PHYSICOCHEMICAL_EFFECT	C_BASE	C_BASE	Trigonelline	mg/100 g (source coffee-brew report basis)	18	6	44.33333333333332	52.40213453384989	1.032134496889414	1.2641622859340345	0.0	[0.0, 0.0]	AGGREGATE_ONLY; source-native roast, not product seven bins	INCONCLUSIVE	Small source-specific grouped evaluation; no universal causal or descriptor inference claim
stanek_chemical	PHYSICOCHEMICAL_EFFECT	C_C0	C_BASE	3-CQA	mg/100 g (source coffee-brew report basis)	18	6	62.90338164251206	74.91652861144358	0.9818869057049086	1.1812705926989533	2.718840579710161	[-0.4006441223832425, 5.704186795491147]	AGGREGATE_ONLY; source-native roast, not product seven bins	INCONCLUSIVE	Small source-specific grouped evaluation; no universal causal or descriptor inference claim
stanek_chemical	PHYSICOCHEMICAL_EFFECT	C_C0	C_BASE	4-CQA	mg/100 g (source coffee-brew report basis)	18	6	29.110144927536233	33.92588571411339	1.003876458581642	1.1795850274003368	1.1491143317230283	[-0.18164251207729068, 2.708534621578097]	AGGREGATE_ONLY; source-native roast, not product seven bins	INCONCLUSIVE	Small source-specific grouped evaluation; no universal causal or descriptor inference claim
stanek_chemical	PHYSICOCHEMICAL_EFFECT	C_C0	C_BASE	5-CQA	mg/100 g (source coffee-brew report basis)	18	6	18.78550724637681	23.02104185283364	0.9029638544594198	1.1110375709594258	2.266344605475041	[0.495974235104667, 4.2473429951690855]	AGGREGATE_ONLY; source-native roast, not product seven bins	INCONCLUSIVE	Small source-specific grouped evaluation; no universal causal or descriptor inference claim
stanek_chemical	PHYSICOCHEMICAL_EFFECT	C_C0	C_BASE	5-HMF	mg/100 g (source coffee-brew report basis)	18	6	6.999999999999999	8.186535120420775	1.0751596617838295	1.2873638906005878	-3.95516952522712e-16	[-0.019323671497584235, 0.01932367149758384]	AGGREGATE_ONLY; source-native roast, not product seven bins	INCONCLUSIVE	Small source-specific grouped evaluation; no universal causal or descriptor inference claim
stanek_chemical	PHYSICOCHEMICAL_EFFECT	C_C0	C_BASE	Caffeine	mg/100 g (source coffee-brew report basis)	18	6	53.469565217391306	66.58369606916264	1.1003989532058986	1.5367794531974603	-0.12882447665057528	[-1.5845410628019436, 1.024154589371967]	AGGREGATE_ONLY; source-native roast, not product seven bins	INCONCLUSIVE	Small source-specific grouped evaluation; no universal causal or descriptor inference claim
stanek_chemical	PHYSICOCHEMICAL_EFFECT	C_C0	C_BASE	Gallic acid	mg/100 g (source coffee-brew report basis)	18	6	6.3130434782608695	8.461648037033063	1.2370050857193744	1.9585332171662113	0.02028985507246439	[-0.017391304347825688, 0.06763285024154639]	AGGREGATE_ONLY; source-native roast, not product seven bins	INCONCLUSIVE	Small source-specific grouped evaluation; no universal causal or descriptor inference claim
stanek_chemical	PHYSICOCHEMICAL_EFFECT	C_C0	C_BASE	Trigonelline	mg/100 g (source coffee-brew report basis)	18	6	43.72463768115942	51.48077231437419	1.0194104837559688	1.2467990810605374	0.6086956521738974	[-3.1579677144893337e-14, 1.826086956521724]	AGGREGATE_ONLY; source-native roast, not product seven bins	INCONCLUSIVE	Small source-specific grouped evaluation; no universal causal or descriptor inference claim
stanek_chemical	PHYSICOCHEMICAL_EFFECT	C_C1	C_BASE	3-CQA	mg/100 g (source coffee-brew report basis)	18	6	65.62222222222223	75.06184117113037	1.0222969078791109	1.1833100735791386			AGGREGATE_ONLY; source-native roast, not product seven bins	NOT_ESTIMABLE	No source roast contrast; fitting a zero-feature control is not evidence of C1 efficacy
stanek_chemical	PHYSICOCHEMICAL_EFFECT	C_C1	C_BASE	4-CQA	mg/100 g (source coffee-brew report basis)	18	6	30.259259259259263	34.35899795891523	1.0404256852741365	1.193106980437216			AGGREGATE_ONLY; source-native roast, not product seven bins	NOT_ESTIMABLE	No source roast contrast; fitting a zero-feature control is not evidence of C1 efficacy
stanek_chemical	PHYSICOCHEMICAL_EFFECT	C_C1	C_BASE	5-CQA	mg/100 g (source coffee-brew report basis)	18	6	21.05185185185185	23.97205162807846	1.0067279508999318	1.1533163853266433			AGGREGATE_ONLY; source-native roast, not product seven bins	NOT_ESTIMABLE	No source roast contrast; fitting a zero-feature control is not evidence of C1 efficacy
stanek_chemical	PHYSICOCHEMICAL_EFFECT	C_C1	C_BASE	5-HMF	mg/100 g (source coffee-brew report basis)	18	6	6.999999999999999	8.178834472792154	1.0751572170670063	1.2862800345578558			AGGREGATE_ONLY; source-native roast, not product seven bins	NOT_ESTIMABLE	No source roast contrast; fitting a zero-feature control is not evidence of C1 efficacy
stanek_chemical	PHYSICOCHEMICAL_EFFECT	C_C1	C_BASE	Caffeine	mg/100 g (source coffee-brew report basis)	18	6	53.340740740740735	66.48566540017255	1.0980402335688946	1.5371661372737573			AGGREGATE_ONLY; source-native roast, not product seven bins	NOT_ESTIMABLE	No source roast contrast; fitting a zero-feature control is not evidence of C1 efficacy
stanek_chemical	PHYSICOCHEMICAL_EFFECT	C_C1	C_BASE	Gallic acid	mg/100 g (source coffee-brew report basis)	18	6	6.333333333333333	8.45055334589705	1.239623810392698	1.9576533902393605			AGGREGATE_ONLY; source-native roast, not product seven bins	NOT_ESTIMABLE	No source roast contrast; fitting a zero-feature control is not evidence of C1 efficacy
stanek_chemical	PHYSICOCHEMICAL_EFFECT	C_C1	C_BASE	Trigonelline	mg/100 g (source coffee-brew report basis)	18	6	44.33333333333332	52.40213453384989	1.032134496889414	1.2641622859340345			AGGREGATE_ONLY; source-native roast, not product seven bins	NOT_ESTIMABLE	No source roast contrast; fitting a zero-feature control is not evidence of C1 efficacy
stanek_chemical	PHYSICOCHEMICAL_EFFECT	C_ADD	C_BASE	3-CQA	mg/100 g (source coffee-brew report basis)	18	6	62.90338164251206	74.91652861144358	0.9818869057049086	1.1812705926989533	2.718840579710161	[-0.4006441223832425, 5.704186795491147]	AGGREGATE_ONLY; source-native roast, not product seven bins	INCONCLUSIVE	Small source-specific grouped evaluation; no universal causal or descriptor inference claim
stanek_chemical	PHYSICOCHEMICAL_EFFECT	C_ADD	C_BASE	4-CQA	mg/100 g (source coffee-brew report basis)	18	6	29.110144927536233	33.92588571411339	1.003876458581642	1.1795850274003368	1.1491143317230283	[-0.18164251207729068, 2.708534621578097]	AGGREGATE_ONLY; source-native roast, not product seven bins	INCONCLUSIVE	Small source-specific grouped evaluation; no universal causal or descriptor inference claim
stanek_chemical	PHYSICOCHEMICAL_EFFECT	C_ADD	C_BASE	5-CQA	mg/100 g (source coffee-brew report basis)	18	6	18.78550724637681	23.02104185283364	0.9029638544594198	1.1110375709594258	2.266344605475041	[0.495974235104667, 4.2473429951690855]	AGGREGATE_ONLY; source-native roast, not product seven bins	INCONCLUSIVE	Small source-specific grouped evaluation; no universal causal or descriptor inference claim
stanek_chemical	PHYSICOCHEMICAL_EFFECT	C_ADD	C_BASE	5-HMF	mg/100 g (source coffee-brew report basis)	18	6	6.999999999999999	8.186535120420775	1.0751596617838295	1.2873638906005878	-3.95516952522712e-16	[-0.019323671497584235, 0.01932367149758384]	AGGREGATE_ONLY; source-native roast, not product seven bins	INCONCLUSIVE	Small source-specific grouped evaluation; no universal causal or descriptor inference claim
stanek_chemical	PHYSICOCHEMICAL_EFFECT	C_ADD	C_BASE	Caffeine	mg/100 g (source coffee-brew report basis)	18	6	53.469565217391306	66.58369606916264	1.1003989532058986	1.5367794531974603	-0.12882447665057528	[-1.5845410628019436, 1.024154589371967]	AGGREGATE_ONLY; source-native roast, not product seven bins	INCONCLUSIVE	Small source-specific grouped evaluation; no universal causal or descriptor inference claim
stanek_chemical	PHYSICOCHEMICAL_EFFECT	C_ADD	C_BASE	Gallic acid	mg/100 g (source coffee-brew report basis)	18	6	6.3130434782608695	8.461648037033063	1.2370050857193744	1.9585332171662113	0.02028985507246439	[-0.017391304347825688, 0.06763285024154639]	AGGREGATE_ONLY; source-native roast, not product seven bins	INCONCLUSIVE	Small source-specific grouped evaluation; no universal causal or descriptor inference claim
stanek_chemical	PHYSICOCHEMICAL_EFFECT	C_ADD	C_BASE	Trigonelline	mg/100 g (source coffee-brew report basis)	18	6	43.72463768115942	51.48077231437419	1.0194104837559688	1.2467990810605374	0.6086956521738974	[-3.1579677144893337e-14, 1.826086956521724]	AGGREGATE_ONLY; source-native roast, not product seven bins	INCONCLUSIVE	Small source-specific grouped evaluation; no universal causal or descriptor inference claim
stanek_chemical	PHYSICOCHEMICAL_EFFECT	C_JOINT	C_ADD	3-CQA	mg/100 g (source coffee-brew report basis)	18	6	62.90338164251206	74.91652861144358	0.9818869057049086	1.1812705926989533			AGGREGATE_ONLY; source-native roast, not product seven bins	NOT_ESTIMABLE	No source roast contrast; fitting a zero-feature control is not evidence of C1 efficacy
stanek_chemical	PHYSICOCHEMICAL_EFFECT	C_JOINT	C_ADD	4-CQA	mg/100 g (source coffee-brew report basis)	18	6	29.110144927536233	33.92588571411339	1.003876458581642	1.1795850274003368			AGGREGATE_ONLY; source-native roast, not product seven bins	NOT_ESTIMABLE	No source roast contrast; fitting a zero-feature control is not evidence of C1 efficacy
stanek_chemical	PHYSICOCHEMICAL_EFFECT	C_JOINT	C_ADD	5-CQA	mg/100 g (source coffee-brew report basis)	18	6	18.78550724637681	23.02104185283364	0.9029638544594198	1.1110375709594258			AGGREGATE_ONLY; source-native roast, not product seven bins	NOT_ESTIMABLE	No source roast contrast; fitting a zero-feature control is not evidence of C1 efficacy
stanek_chemical	PHYSICOCHEMICAL_EFFECT	C_JOINT	C_ADD	5-HMF	mg/100 g (source coffee-brew report basis)	18	6	6.999999999999999	8.186535120420775	1.0751596617838295	1.2873638906005878			AGGREGATE_ONLY; source-native roast, not product seven bins	NOT_ESTIMABLE	No source roast contrast; fitting a zero-feature control is not evidence of C1 efficacy
stanek_chemical	PHYSICOCHEMICAL_EFFECT	C_JOINT	C_ADD	Caffeine	mg/100 g (source coffee-brew report basis)	18	6	53.469565217391306	66.58369606916264	1.1003989532058986	1.5367794531974603			AGGREGATE_ONLY; source-native roast, not product seven bins	NOT_ESTIMABLE	No source roast contrast; fitting a zero-feature control is not evidence of C1 efficacy
stanek_chemical	PHYSICOCHEMICAL_EFFECT	C_JOINT	C_ADD	Gallic acid	mg/100 g (source coffee-brew report basis)	18	6	6.3130434782608695	8.461648037033063	1.2370050857193744	1.9585332171662113			AGGREGATE_ONLY; source-native roast, not product seven bins	NOT_ESTIMABLE	No source roast contrast; fitting a zero-feature control is not evidence of C1 efficacy
stanek_chemical	PHYSICOCHEMICAL_EFFECT	C_JOINT	C_ADD	Trigonelline	mg/100 g (source coffee-brew report basis)	18	6	43.72463768115942	51.48077231437419	1.0194104837559688	1.2467990810605374			AGGREGATE_ONLY; source-native roast, not product seven bins	NOT_ESTIMABLE	No source roast contrast; fitting a zero-feature control is not evidence of C1 efficacy
vezzulli_panel	SENSORY_ATTRIBUTE_EFFECT	C_BASE	C_BASE	Acidity	source panel median on source-defined scale	8	2	0.73125	0.7996092795859737	1.1264945893544525	1.3365015669004305	0.0	[0.0, 0.0]	AGGREGATE_ONLY; source-native roast, not product seven bins	INCONCLUSIVE	Small source-specific grouped evaluation; no universal causal or descriptor inference claim
vezzulli_panel	SENSORY_ATTRIBUTE_EFFECT	C_BASE	C_BASE	Aroma intensity	source panel median on source-defined scale	8	2	0.7250000000000001	0.8831760866327848	0.837321362484599	1.0292850553569453	0.0	[0.0, 0.0]	AGGREGATE_ONLY; source-native roast, not product seven bins	INCONCLUSIVE	Small source-specific grouped evaluation; no universal causal or descriptor inference claim
vezzulli_panel	SENSORY_ATTRIBUTE_EFFECT	C_BASE	C_BASE	Aroma persistence	source panel median on source-defined scale	8	2	0.775	0.9627434756984854	1.3762874704758254	1.948611944745663	0.0	[0.0, 0.0]	AGGREGATE_ONLY; source-native roast, not product seven bins	INCONCLUSIVE	Small source-specific grouped evaluation; no universal causal or descriptor inference claim
vezzulli_panel	SENSORY_ATTRIBUTE_EFFECT	C_BASE	C_BASE	Astringency	source panel median on source-defined scale	8	2	0.4875	0.5533985905294664	0.9000261360937545	1.0329935729019193	0.0	[0.0, 0.0]	AGGREGATE_ONLY; source-native roast, not product seven bins	INCONCLUSIVE	Small source-specific grouped evaluation; no universal causal or descriptor inference claim
vezzulli_panel	SENSORY_ATTRIBUTE_EFFECT	C_BASE	C_BASE	Bitter	source panel median on source-defined scale	8	2	0.7812500000000001	1.1086309124320863	0.980405810705512	1.4621287606844044	0.0	[0.0, 0.0]	AGGREGATE_ONLY; source-native roast, not product seven bins	INCONCLUSIVE	Small source-specific grouped evaluation; no universal causal or descriptor inference claim
vezzulli_panel	SENSORY_ATTRIBUTE_EFFECT	C_BASE	C_BASE	Body	source panel median on source-defined scale	8	2	1.1125	1.2783045411794483	0.8730455728705175	1.0095146205577061	0.0	[0.0, 0.0]	AGGREGATE_ONLY; source-native roast, not product seven bins	INCONCLUSIVE	Small source-specific grouped evaluation; no universal causal or descriptor inference claim
vezzulli_panel	SENSORY_ATTRIBUTE_EFFECT	C_BASE	C_BASE	Burnt	source panel median on source-defined scale	8	2	0.49375	0.6434768838116876	0.948496474797886	1.2420652060619939	0.0	[0.0, 0.0]	AGGREGATE_ONLY; source-native roast, not product seven bins	INCONCLUSIVE	Small source-specific grouped evaluation; no universal causal or descriptor inference claim
vezzulli_panel	SENSORY_ATTRIBUTE_EFFECT	C_BASE	C_BASE	Caramel	source panel median on source-defined scale	8	2	0.50625	0.5782516753110188	0.9349553422798453	1.0799261675323917	0.0	[0.0, 0.0]	AGGREGATE_ONLY; source-native roast, not product seven bins	INCONCLUSIVE	Small source-specific grouped evaluation; no universal causal or descriptor inference claim
vezzulli_panel	SENSORY_ATTRIBUTE_EFFECT	C_BASE	C_BASE	Cereals	source panel median on source-defined scale	8	2	0.425	0.47893110151670043	0.898194824463101	1.0231363631554384	0.0	[0.0, 0.0]	AGGREGATE_ONLY; source-native roast, not product seven bins	INCONCLUSIVE	Small source-specific grouped evaluation; no universal causal or descriptor inference claim
vezzulli_panel	SENSORY_ATTRIBUTE_EFFECT	C_BASE	C_BASE	Cocoa	source panel median on source-defined scale	8	2	0.65625	0.7601397897755386	1.0506955525607167	1.2428758947530527	0.0	[0.0, 0.0]	AGGREGATE_ONLY; source-native roast, not product seven bins	INCONCLUSIVE	Small source-specific grouped evaluation; no universal causal or descriptor inference claim
vezzulli_panel	SENSORY_ATTRIBUTE_EFFECT	C_BASE	C_BASE	Color intensity	source panel median on source-defined scale	8	2	0.25625	0.3491060010942236	1.5893305183934907	2.5868533240172598	0.0	[0.0, 0.0]	AGGREGATE_ONLY; source-native roast, not product seven bins	INCONCLUSIVE	Small source-specific grouped evaluation; no universal causal or descriptor inference claim
vezzulli_panel	SENSORY_ATTRIBUTE_EFFECT	C_BASE	C_BASE	Dry vegetal	source panel median on source-defined scale	8	2	0.7999999999999999	0.945548782453872	2.188640974320259	3.1734257916030404	0.0	[0.0, 0.0]	AGGREGATE_ONLY; source-native roast, not product seven bins	INCONCLUSIVE	Small source-specific grouped evaluation; no universal causal or descriptor inference claim
vezzulli_panel	SENSORY_ATTRIBUTE_EFFECT	C_BASE	C_BASE	Floral and fruity	source panel median on source-defined scale	8	2	0.39375	0.487660230078279	1.2798228411203039	1.592071108841074	0.0	[0.0, 0.0]	AGGREGATE_ONLY; source-native roast, not product seven bins	INCONCLUSIVE	Small source-specific grouped evaluation; no universal causal or descriptor inference claim
vezzulli_panel	SENSORY_ATTRIBUTE_EFFECT	C_BASE	C_BASE	Honey	source panel median on source-defined scale	8	2	0.55	0.6670832032063166	1.1003973144756058	1.3860104332309051	0.0	[0.0, 0.0]	AGGREGATE_ONLY; source-native roast, not product seven bins	INCONCLUSIVE	Small source-specific grouped evaluation; no universal causal or descriptor inference claim
vezzulli_panel	SENSORY_ATTRIBUTE_EFFECT	C_BASE	C_BASE	Nuts and dry fruits	source panel median on source-defined scale	8	2	0.4624999999999999	0.5659615711335885	0.8557259323501251	1.0891399796705674	0.0	[0.0, 0.0]	AGGREGATE_ONLY; source-native roast, not product seven bins	INCONCLUSIVE	Small source-specific grouped evaluation; no universal causal or descriptor inference claim
vezzulli_panel	SENSORY_ATTRIBUTE_EFFECT	C_BASE	C_BASE	Pastry	source panel median on source-defined scale	8	2	0.7999999999999998	0.8944271909999157	2.031908678899511	2.293079234535831	0.0	[0.0, 0.0]	AGGREGATE_ONLY; source-native roast, not product seven bins	INCONCLUSIVE	Small source-specific grouped evaluation; no universal causal or descriptor inference claim
vezzulli_panel	SENSORY_ATTRIBUTE_EFFECT	C_BASE	C_BASE	Positive aromas	source panel median on source-defined scale	8	2	0.37499999999999994	0.42167819483582497	1.073644373318902	1.2496840869308823	0.0	[0.0, 0.0]	AGGREGATE_ONLY; source-native roast, not product seven bins	INCONCLUSIVE	Small source-specific grouped evaluation; no universal causal or descriptor inference claim
vezzulli_panel	SENSORY_ATTRIBUTE_EFFECT	C_BASE	C_BASE	Roasted	source panel median on source-defined scale	8	2	0.5375	0.6179603547154138	1.3818082588501053	1.75204949112599	0.0	[0.0, 0.0]	AGGREGATE_ONLY; source-native roast, not product seven bins	INCONCLUSIVE	Small source-specific grouped evaluation; no universal causal or descriptor inference claim
vezzulli_panel	SENSORY_ATTRIBUTE_EFFECT	C_BASE	C_BASE	Stone fruit	source panel median on source-defined scale	8	2	0.45	0.5247022965453839	1.140216204392926	1.4384395343040932	0.0	[0.0, 0.0]	AGGREGATE_ONLY; source-native roast, not product seven bins	INCONCLUSIVE	Small source-specific grouped evaluation; no universal causal or descriptor inference claim
vezzulli_panel	SENSORY_ATTRIBUTE_EFFECT	C_BASE	C_BASE	Vegetal	source panel median on source-defined scale	8	2	0.6312500000000001	0.7325042661991806	1.2513860370454077	1.569950127156761	0.0	[0.0, 0.0]	AGGREGATE_ONLY; source-native roast, not product seven bins	INCONCLUSIVE	Small source-specific grouped evaluation; no universal causal or descriptor inference claim
vezzulli_panel	SENSORY_ATTRIBUTE_EFFECT	C_C0	C_BASE	Acidity	source panel median on source-defined scale	8	2	0.57125	0.6844934258267205	0.9070446433970486	1.1256276613985705	0.15999999999999986	[0.1349999999999999, 0.18499999999999983]	AGGREGATE_ONLY; source-native roast, not product seven bins	INCONCLUSIVE	Small source-specific grouped evaluation; no universal causal or descriptor inference claim
vezzulli_panel	SENSORY_ATTRIBUTE_EFFECT	C_C0	C_BASE	Aroma intensity	source panel median on source-defined scale	8	2	0.42000000000000004	0.5308307168956975	0.48424145372777827	0.6231102068901726	0.30500000000000005	[0.2649999999999999, 0.3450000000000002]	AGGREGATE_ONLY; source-native roast, not product seven bins	INCONCLUSIVE	Small source-specific grouped evaluation; no universal causal or descriptor inference claim
vezzulli_panel	SENSORY_ATTRIBUTE_EFFECT	C_C0	C_BASE	Aroma persistence	source panel median on source-defined scale	8	2	0.6737500000000003	0.82869249423414	1.150405028310616	1.646309070688785	0.10124999999999962	[-0.0125000000000004, 0.21499999999999964]	AGGREGATE_ONLY; source-native roast, not product seven bins	INCONCLUSIVE	Small source-specific grouped evaluation; no universal causal or descriptor inference claim
vezzulli_panel	SENSORY_ATTRIBUTE_EFFECT	C_C0	C_BASE	Astringency	source panel median on source-defined scale	8	2	0.48249999999999993	0.524130231908063	0.8842311704949057	0.9657962214540821	0.005000000000000032	[-0.03749999999999998, 0.04750000000000004]	AGGREGATE_ONLY; source-native roast, not product seven bins	INCONCLUSIVE	Small source-specific grouped evaluation; no universal causal or descriptor inference claim
vezzulli_panel	SENSORY_ATTRIBUTE_EFFECT	C_C0	C_BASE	Bitter	source panel median on source-defined scale	8	2	0.675	0.9618861679013792	0.8253669882551975	1.2751989956992902	0.10625000000000007	[0.012500000000000067, 0.20000000000000007]	AGGREGATE_ONLY; source-native roast, not product seven bins	INCONCLUSIVE	Small source-specific grouped evaluation; no universal causal or descriptor inference claim
vezzulli_panel	SENSORY_ATTRIBUTE_EFFECT	C_C0	C_BASE	Body	source panel median on source-defined scale	8	2	0.5925	0.6995980989110819	0.4686975567255546	0.5582237872906618	0.5200000000000001	[0.39500000000000024, 0.645]	AGGREGATE_ONLY; source-native roast, not product seven bins	INCONCLUSIVE	Small source-specific grouped evaluation; no universal causal or descriptor inference claim
vezzulli_panel	SENSORY_ATTRIBUTE_EFFECT	C_C0	C_BASE	Burnt	source panel median on source-defined scale	8	2	0.38625000000000004	0.4903442668166928	0.7242651585615401	0.9561949303747168	0.10749999999999996	[0.014999999999999944, 0.19999999999999998]	AGGREGATE_ONLY; source-native roast, not product seven bins	INCONCLUSIVE	Small source-specific grouped evaluation; no universal causal or descriptor inference claim
vezzulli_panel	SENSORY_ATTRIBUTE_EFFECT	C_C0	C_BASE	Caramel	source panel median on source-defined scale	8	2	0.33999999999999997	0.379835490706174	0.6267363888368473	0.7097779266546348	0.16625000000000004	[0.13750000000000007, 0.195]	AGGREGATE_ONLY; source-native roast, not product seven bins	INCONCLUSIVE	Small source-specific grouped evaluation; no universal causal or descriptor inference claim
vezzulli_panel	SENSORY_ATTRIBUTE_EFFECT	C_C0	C_BASE	Cereals	source panel median on source-defined scale	8	2	0.44875000000000004	0.5443172328706855	0.9429496923269045	1.1527182464984456	-0.02375000000000005	[-0.0625, 0.014999999999999902]	AGGREGATE_ONLY; source-native roast, not product seven bins	INCONCLUSIVE	Small source-specific grouped evaluation; no universal causal or descriptor inference claim
vezzulli_panel	SENSORY_ATTRIBUTE_EFFECT	C_C0	C_BASE	Cocoa	source panel median on source-defined scale	8	2	0.655	0.7644442425710329	1.056504685301539	1.2515206828948284	0.0012499999999999178	[-0.050000000000000155, 0.05249999999999999]	AGGREGATE_ONLY; source-native roast, not product seven bins	INCONCLUSIVE	Small source-specific grouped evaluation; no universal causal or descriptor inference claim
vezzulli_panel	SENSORY_ATTRIBUTE_EFFECT	C_C0	C_BASE	Color intensity	source panel median on source-defined scale	8	2	0.25	0.3380088756231115	1.5760618960826338	2.4816354174880844	0.006249999999999978	[0.0, 0.012499999999999956]	AGGREGATE_ONLY; source-native roast, not product seven bins	INCONCLUSIVE	Small source-specific grouped evaluation; no universal causal or descriptor inference claim
vezzulli_panel	SENSORY_ATTRIBUTE_EFFECT	C_C0	C_BASE	Dry vegetal	source panel median on source-defined scale	8	2	0.87	1.0410991787529178	2.2874226027932196	3.267367457427078	-0.07000000000000006	[-0.125, -0.015000000000000124]	AGGREGATE_ONLY; source-native roast, not product seven bins	INCONCLUSIVE	Small source-specific grouped evaluation; no universal causal or descriptor inference claim
vezzulli_panel	SENSORY_ATTRIBUTE_EFFECT	C_C0	C_BASE	Floral and fruity	source panel median on source-defined scale	8	2	0.41250000000000003	0.47744764110842564	1.3453506453698818	1.5594914462165965	-0.018750000000000044	[-0.03749999999999992, -1.6653345369377348e-16]	AGGREGATE_ONLY; source-native roast, not product seven bins	INCONCLUSIVE	Small source-specific grouped evaluation; no universal causal or descriptor inference claim
vezzulli_panel	SENSORY_ATTRIBUTE_EFFECT	C_C0	C_BASE	Honey	source panel median on source-defined scale	8	2	0.5700000000000001	0.6327815578854997	1.130846965919557	1.3100714842279768	-0.020000000000000046	[-0.045000000000000095, 0.0050000000000000044]	AGGREGATE_ONLY; source-native roast, not product seven bins	INCONCLUSIVE	Small source-specific grouped evaluation; no universal causal or descriptor inference claim
vezzulli_panel	SENSORY_ATTRIBUTE_EFFECT	C_C0	C_BASE	Nuts and dry fruits	source panel median on source-defined scale	8	2	0.3812499999999999	0.4672057897757688	0.7088776925737703	0.9003175136274715	0.08124999999999999	[0.07499999999999996, 0.08750000000000002]	AGGREGATE_ONLY; source-native roast, not product seven bins	INCONCLUSIVE	Small source-specific grouped evaluation; no universal causal or descriptor inference claim
vezzulli_panel	SENSORY_ATTRIBUTE_EFFECT	C_C0	C_BASE	Pastry	source panel median on source-defined scale	8	2	0.8	0.9308766029931143	2.0319086788995113	2.3794178082438417	-8.326672684688674e-17	[-1.1102230246251565e-16, -5.551115123125783e-17]	AGGREGATE_ONLY; source-native roast, not product seven bins	INCONCLUSIVE	Small source-specific grouped evaluation; no universal causal or descriptor inference claim
vezzulli_panel	SENSORY_ATTRIBUTE_EFFECT	C_C0	C_BASE	Positive aromas	source panel median on source-defined scale	8	2	0.2737500000000001	0.31762792698375886	0.8071314371385861	0.9522191995893621	0.10124999999999984	[0.0774999999999999, 0.12499999999999978]	AGGREGATE_ONLY; source-native roast, not product seven bins	INCONCLUSIVE	Small source-specific grouped evaluation; no universal causal or descriptor inference claim
vezzulli_panel	SENSORY_ATTRIBUTE_EFFECT	C_C0	C_BASE	Roasted	source panel median on source-defined scale	8	2	0.4650000000000001	0.5330630825709093	1.2011645471487244	1.5071009936357695	0.0724999999999999	[0.06249999999999978, 0.08250000000000002]	AGGREGATE_ONLY; source-native roast, not product seven bins	INCONCLUSIVE	Small source-specific grouped evaluation; no universal causal or descriptor inference claim
vezzulli_panel	SENSORY_ATTRIBUTE_EFFECT	C_C0	C_BASE	Stone fruit	source panel median on source-defined scale	8	2	0.30499999999999994	0.3883056141752266	0.7810641899207127	1.0815509338068992	0.14500000000000013	[0.12500000000000022, 0.16500000000000004]	AGGREGATE_ONLY; source-native roast, not product seven bins	INCONCLUSIVE	Small source-specific grouped evaluation; no universal causal or descriptor inference claim
vezzulli_panel	SENSORY_ATTRIBUTE_EFFECT	C_C0	C_BASE	Vegetal	source panel median on source-defined scale	8	2	0.725	0.7693991161939295	1.3747314916829119	1.5870874668920996	-0.09374999999999994	[-0.18000000000000005, -0.00749999999999984]	AGGREGATE_ONLY; source-native roast, not product seven bins	INCONCLUSIVE	Small source-specific grouped evaluation; no universal causal or descriptor inference claim
vezzulli_panel	SENSORY_ATTRIBUTE_EFFECT	C_C1	C_BASE	Acidity	source panel median on source-defined scale	8	2	0.73125	0.7996092795859737	1.1264945893544525	1.3365015669004305			AGGREGATE_ONLY; source-native roast, not product seven bins	NOT_ESTIMABLE	No source roast contrast; fitting a zero-feature control is not evidence of C1 efficacy
vezzulli_panel	SENSORY_ATTRIBUTE_EFFECT	C_C1	C_BASE	Aroma intensity	source panel median on source-defined scale	8	2	0.7250000000000001	0.8831760866327848	0.837321362484599	1.0292850553569453			AGGREGATE_ONLY; source-native roast, not product seven bins	NOT_ESTIMABLE	No source roast contrast; fitting a zero-feature control is not evidence of C1 efficacy
vezzulli_panel	SENSORY_ATTRIBUTE_EFFECT	C_C1	C_BASE	Aroma persistence	source panel median on source-defined scale	8	2	0.775	0.9627434756984854	1.3762874704758254	1.948611944745663			AGGREGATE_ONLY; source-native roast, not product seven bins	NOT_ESTIMABLE	No source roast contrast; fitting a zero-feature control is not evidence of C1 efficacy
vezzulli_panel	SENSORY_ATTRIBUTE_EFFECT	C_C1	C_BASE	Astringency	source panel median on source-defined scale	8	2	0.4875	0.5533985905294664	0.9000261360937545	1.0329935729019193			AGGREGATE_ONLY; source-native roast, not product seven bins	NOT_ESTIMABLE	No source roast contrast; fitting a zero-feature control is not evidence of C1 efficacy
vezzulli_panel	SENSORY_ATTRIBUTE_EFFECT	C_C1	C_BASE	Bitter	source panel median on source-defined scale	8	2	0.7812500000000001	1.1086309124320863	0.980405810705512	1.4621287606844044			AGGREGATE_ONLY; source-native roast, not product seven bins	NOT_ESTIMABLE	No source roast contrast; fitting a zero-feature control is not evidence of C1 efficacy
vezzulli_panel	SENSORY_ATTRIBUTE_EFFECT	C_C1	C_BASE	Body	source panel median on source-defined scale	8	2	1.1125	1.2783045411794483	0.8730455728705175	1.0095146205577061			AGGREGATE_ONLY; source-native roast, not product seven bins	NOT_ESTIMABLE	No source roast contrast; fitting a zero-feature control is not evidence of C1 efficacy
vezzulli_panel	SENSORY_ATTRIBUTE_EFFECT	C_C1	C_BASE	Burnt	source panel median on source-defined scale	8	2	0.49375	0.6434768838116876	0.948496474797886	1.2420652060619939			AGGREGATE_ONLY; source-native roast, not product seven bins	NOT_ESTIMABLE	No source roast contrast; fitting a zero-feature control is not evidence of C1 efficacy
vezzulli_panel	SENSORY_ATTRIBUTE_EFFECT	C_C1	C_BASE	Caramel	source panel median on source-defined scale	8	2	0.50625	0.5782516753110188	0.9349553422798453	1.0799261675323917			AGGREGATE_ONLY; source-native roast, not product seven bins	NOT_ESTIMABLE	No source roast contrast; fitting a zero-feature control is not evidence of C1 efficacy
vezzulli_panel	SENSORY_ATTRIBUTE_EFFECT	C_C1	C_BASE	Cereals	source panel median on source-defined scale	8	2	0.425	0.47893110151670043	0.898194824463101	1.0231363631554384			AGGREGATE_ONLY; source-native roast, not product seven bins	NOT_ESTIMABLE	No source roast contrast; fitting a zero-feature control is not evidence of C1 efficacy
vezzulli_panel	SENSORY_ATTRIBUTE_EFFECT	C_C1	C_BASE	Cocoa	source panel median on source-defined scale	8	2	0.65625	0.7601397897755386	1.0506955525607167	1.2428758947530527			AGGREGATE_ONLY; source-native roast, not product seven bins	NOT_ESTIMABLE	No source roast contrast; fitting a zero-feature control is not evidence of C1 efficacy
vezzulli_panel	SENSORY_ATTRIBUTE_EFFECT	C_C1	C_BASE	Color intensity	source panel median on source-defined scale	8	2	0.25625	0.3491060010942236	1.5893305183934907	2.5868533240172598			AGGREGATE_ONLY; source-native roast, not product seven bins	NOT_ESTIMABLE	No source roast contrast; fitting a zero-feature control is not evidence of C1 efficacy
vezzulli_panel	SENSORY_ATTRIBUTE_EFFECT	C_C1	C_BASE	Dry vegetal	source panel median on source-defined scale	8	2	0.7999999999999999	0.945548782453872	2.188640974320259	3.1734257916030404			AGGREGATE_ONLY; source-native roast, not product seven bins	NOT_ESTIMABLE	No source roast contrast; fitting a zero-feature control is not evidence of C1 efficacy
vezzulli_panel	SENSORY_ATTRIBUTE_EFFECT	C_C1	C_BASE	Floral and fruity	source panel median on source-defined scale	8	2	0.39375	0.487660230078279	1.2798228411203039	1.592071108841074			AGGREGATE_ONLY; source-native roast, not product seven bins	NOT_ESTIMABLE	No source roast contrast; fitting a zero-feature control is not evidence of C1 efficacy
vezzulli_panel	SENSORY_ATTRIBUTE_EFFECT	C_C1	C_BASE	Honey	source panel median on source-defined scale	8	2	0.55	0.6670832032063166	1.1003973144756058	1.3860104332309051			AGGREGATE_ONLY; source-native roast, not product seven bins	NOT_ESTIMABLE	No source roast contrast; fitting a zero-feature control is not evidence of C1 efficacy
vezzulli_panel	SENSORY_ATTRIBUTE_EFFECT	C_C1	C_BASE	Nuts and dry fruits	source panel median on source-defined scale	8	2	0.4624999999999999	0.5659615711335885	0.8557259323501251	1.0891399796705674			AGGREGATE_ONLY; source-native roast, not product seven bins	NOT_ESTIMABLE	No source roast contrast; fitting a zero-feature control is not evidence of C1 efficacy
vezzulli_panel	SENSORY_ATTRIBUTE_EFFECT	C_C1	C_BASE	Pastry	source panel median on source-defined scale	8	2	0.7999999999999998	0.8944271909999157	2.031908678899511	2.293079234535831			AGGREGATE_ONLY; source-native roast, not product seven bins	NOT_ESTIMABLE	No source roast contrast; fitting a zero-feature control is not evidence of C1 efficacy
vezzulli_panel	SENSORY_ATTRIBUTE_EFFECT	C_C1	C_BASE	Positive aromas	source panel median on source-defined scale	8	2	0.37499999999999994	0.42167819483582497	1.073644373318902	1.2496840869308823			AGGREGATE_ONLY; source-native roast, not product seven bins	NOT_ESTIMABLE	No source roast contrast; fitting a zero-feature control is not evidence of C1 efficacy
vezzulli_panel	SENSORY_ATTRIBUTE_EFFECT	C_C1	C_BASE	Roasted	source panel median on source-defined scale	8	2	0.5375	0.6179603547154138	1.3818082588501053	1.75204949112599			AGGREGATE_ONLY; source-native roast, not product seven bins	NOT_ESTIMABLE	No source roast contrast; fitting a zero-feature control is not evidence of C1 efficacy
vezzulli_panel	SENSORY_ATTRIBUTE_EFFECT	C_C1	C_BASE	Stone fruit	source panel median on source-defined scale	8	2	0.45	0.5247022965453839	1.140216204392926	1.4384395343040932			AGGREGATE_ONLY; source-native roast, not product seven bins	NOT_ESTIMABLE	No source roast contrast; fitting a zero-feature control is not evidence of C1 efficacy
vezzulli_panel	SENSORY_ATTRIBUTE_EFFECT	C_C1	C_BASE	Vegetal	source panel median on source-defined scale	8	2	0.6312500000000001	0.7325042661991806	1.2513860370454077	1.569950127156761			AGGREGATE_ONLY; source-native roast, not product seven bins	NOT_ESTIMABLE	No source roast contrast; fitting a zero-feature control is not evidence of C1 efficacy
vezzulli_panel	SENSORY_ATTRIBUTE_EFFECT	C_ADD	C_BASE	Acidity	source panel median on source-defined scale	8	2	0.57125	0.6844934258267205	0.9070446433970486	1.1256276613985705	0.15999999999999986	[0.1349999999999999, 0.18499999999999983]	AGGREGATE_ONLY; source-native roast, not product seven bins	INCONCLUSIVE	Small source-specific grouped evaluation; no universal causal or descriptor inference claim
vezzulli_panel	SENSORY_ATTRIBUTE_EFFECT	C_ADD	C_BASE	Aroma intensity	source panel median on source-defined scale	8	2	0.42000000000000004	0.5308307168956975	0.48424145372777827	0.6231102068901726	0.30500000000000005	[0.2649999999999999, 0.3450000000000002]	AGGREGATE_ONLY; source-native roast, not product seven bins	INCONCLUSIVE	Small source-specific grouped evaluation; no universal causal or descriptor inference claim
vezzulli_panel	SENSORY_ATTRIBUTE_EFFECT	C_ADD	C_BASE	Aroma persistence	source panel median on source-defined scale	8	2	0.6737500000000003	0.82869249423414	1.150405028310616	1.646309070688785	0.10124999999999962	[-0.0125000000000004, 0.21499999999999964]	AGGREGATE_ONLY; source-native roast, not product seven bins	INCONCLUSIVE	Small source-specific grouped evaluation; no universal causal or descriptor inference claim
vezzulli_panel	SENSORY_ATTRIBUTE_EFFECT	C_ADD	C_BASE	Astringency	source panel median on source-defined scale	8	2	0.48249999999999993	0.524130231908063	0.8842311704949057	0.9657962214540821	0.005000000000000032	[-0.03749999999999998, 0.04750000000000004]	AGGREGATE_ONLY; source-native roast, not product seven bins	INCONCLUSIVE	Small source-specific grouped evaluation; no universal causal or descriptor inference claim
vezzulli_panel	SENSORY_ATTRIBUTE_EFFECT	C_ADD	C_BASE	Bitter	source panel median on source-defined scale	8	2	0.675	0.9618861679013792	0.8253669882551975	1.2751989956992902	0.10625000000000007	[0.012500000000000067, 0.20000000000000007]	AGGREGATE_ONLY; source-native roast, not product seven bins	INCONCLUSIVE	Small source-specific grouped evaluation; no universal causal or descriptor inference claim
vezzulli_panel	SENSORY_ATTRIBUTE_EFFECT	C_ADD	C_BASE	Body	source panel median on source-defined scale	8	2	0.5925	0.6995980989110819	0.4686975567255546	0.5582237872906618	0.5200000000000001	[0.39500000000000024, 0.645]	AGGREGATE_ONLY; source-native roast, not product seven bins	INCONCLUSIVE	Small source-specific grouped evaluation; no universal causal or descriptor inference claim
vezzulli_panel	SENSORY_ATTRIBUTE_EFFECT	C_ADD	C_BASE	Burnt	source panel median on source-defined scale	8	2	0.38625000000000004	0.4903442668166928	0.7242651585615401	0.9561949303747168	0.10749999999999996	[0.014999999999999944, 0.19999999999999998]	AGGREGATE_ONLY; source-native roast, not product seven bins	INCONCLUSIVE	Small source-specific grouped evaluation; no universal causal or descriptor inference claim
vezzulli_panel	SENSORY_ATTRIBUTE_EFFECT	C_ADD	C_BASE	Caramel	source panel median on source-defined scale	8	2	0.33999999999999997	0.379835490706174	0.6267363888368473	0.7097779266546348	0.16625000000000004	[0.13750000000000007, 0.195]	AGGREGATE_ONLY; source-native roast, not product seven bins	INCONCLUSIVE	Small source-specific grouped evaluation; no universal causal or descriptor inference claim
vezzulli_panel	SENSORY_ATTRIBUTE_EFFECT	C_ADD	C_BASE	Cereals	source panel median on source-defined scale	8	2	0.44875000000000004	0.5443172328706855	0.9429496923269045	1.1527182464984456	-0.02375000000000005	[-0.0625, 0.014999999999999902]	AGGREGATE_ONLY; source-native roast, not product seven bins	INCONCLUSIVE	Small source-specific grouped evaluation; no universal causal or descriptor inference claim
vezzulli_panel	SENSORY_ATTRIBUTE_EFFECT	C_ADD	C_BASE	Cocoa	source panel median on source-defined scale	8	2	0.655	0.7644442425710329	1.056504685301539	1.2515206828948284	0.0012499999999999178	[-0.050000000000000155, 0.05249999999999999]	AGGREGATE_ONLY; source-native roast, not product seven bins	INCONCLUSIVE	Small source-specific grouped evaluation; no universal causal or descriptor inference claim
vezzulli_panel	SENSORY_ATTRIBUTE_EFFECT	C_ADD	C_BASE	Color intensity	source panel median on source-defined scale	8	2	0.25	0.3380088756231115	1.5760618960826338	2.4816354174880844	0.006249999999999978	[0.0, 0.012499999999999956]	AGGREGATE_ONLY; source-native roast, not product seven bins	INCONCLUSIVE	Small source-specific grouped evaluation; no universal causal or descriptor inference claim
vezzulli_panel	SENSORY_ATTRIBUTE_EFFECT	C_ADD	C_BASE	Dry vegetal	source panel median on source-defined scale	8	2	0.87	1.0410991787529178	2.2874226027932196	3.267367457427078	-0.07000000000000006	[-0.125, -0.015000000000000124]	AGGREGATE_ONLY; source-native roast, not product seven bins	INCONCLUSIVE	Small source-specific grouped evaluation; no universal causal or descriptor inference claim
vezzulli_panel	SENSORY_ATTRIBUTE_EFFECT	C_ADD	C_BASE	Floral and fruity	source panel median on source-defined scale	8	2	0.41250000000000003	0.47744764110842564	1.3453506453698818	1.5594914462165965	-0.018750000000000044	[-0.03749999999999992, -1.6653345369377348e-16]	AGGREGATE_ONLY; source-native roast, not product seven bins	INCONCLUSIVE	Small source-specific grouped evaluation; no universal causal or descriptor inference claim
vezzulli_panel	SENSORY_ATTRIBUTE_EFFECT	C_ADD	C_BASE	Honey	source panel median on source-defined scale	8	2	0.5700000000000001	0.6327815578854997	1.130846965919557	1.3100714842279768	-0.020000000000000046	[-0.045000000000000095, 0.0050000000000000044]	AGGREGATE_ONLY; source-native roast, not product seven bins	INCONCLUSIVE	Small source-specific grouped evaluation; no universal causal or descriptor inference claim
vezzulli_panel	SENSORY_ATTRIBUTE_EFFECT	C_ADD	C_BASE	Nuts and dry fruits	source panel median on source-defined scale	8	2	0.3812499999999999	0.4672057897757688	0.7088776925737703	0.9003175136274715	0.08124999999999999	[0.07499999999999996, 0.08750000000000002]	AGGREGATE_ONLY; source-native roast, not product seven bins	INCONCLUSIVE	Small source-specific grouped evaluation; no universal causal or descriptor inference claim
vezzulli_panel	SENSORY_ATTRIBUTE_EFFECT	C_ADD	C_BASE	Pastry	source panel median on source-defined scale	8	2	0.8	0.9308766029931143	2.0319086788995113	2.3794178082438417	-8.326672684688674e-17	[-1.1102230246251565e-16, -5.551115123125783e-17]	AGGREGATE_ONLY; source-native roast, not product seven bins	INCONCLUSIVE	Small source-specific grouped evaluation; no universal causal or descriptor inference claim
vezzulli_panel	SENSORY_ATTRIBUTE_EFFECT	C_ADD	C_BASE	Positive aromas	source panel median on source-defined scale	8	2	0.2737500000000001	0.31762792698375886	0.8071314371385861	0.9522191995893621	0.10124999999999984	[0.0774999999999999, 0.12499999999999978]	AGGREGATE_ONLY; source-native roast, not product seven bins	INCONCLUSIVE	Small source-specific grouped evaluation; no universal causal or descriptor inference claim
vezzulli_panel	SENSORY_ATTRIBUTE_EFFECT	C_ADD	C_BASE	Roasted	source panel median on source-defined scale	8	2	0.4650000000000001	0.5330630825709093	1.2011645471487244	1.5071009936357695	0.0724999999999999	[0.06249999999999978, 0.08250000000000002]	AGGREGATE_ONLY; source-native roast, not product seven bins	INCONCLUSIVE	Small source-specific grouped evaluation; no universal causal or descriptor inference claim
vezzulli_panel	SENSORY_ATTRIBUTE_EFFECT	C_ADD	C_BASE	Stone fruit	source panel median on source-defined scale	8	2	0.30499999999999994	0.3883056141752266	0.7810641899207127	1.0815509338068992	0.14500000000000013	[0.12500000000000022, 0.16500000000000004]	AGGREGATE_ONLY; source-native roast, not product seven bins	INCONCLUSIVE	Small source-specific grouped evaluation; no universal causal or descriptor inference claim
vezzulli_panel	SENSORY_ATTRIBUTE_EFFECT	C_ADD	C_BASE	Vegetal	source panel median on source-defined scale	8	2	0.725	0.7693991161939295	1.3747314916829119	1.5870874668920996	-0.09374999999999994	[-0.18000000000000005, -0.00749999999999984]	AGGREGATE_ONLY; source-native roast, not product seven bins	INCONCLUSIVE	Small source-specific grouped evaluation; no universal causal or descriptor inference claim
vezzulli_panel	SENSORY_ATTRIBUTE_EFFECT	C_JOINT	C_ADD	Acidity	source panel median on source-defined scale	8	2	0.57125	0.6844934258267205	0.9070446433970486	1.1256276613985705			AGGREGATE_ONLY; source-native roast, not product seven bins	NOT_ESTIMABLE	No source roast contrast; fitting a zero-feature control is not evidence of C1 efficacy
vezzulli_panel	SENSORY_ATTRIBUTE_EFFECT	C_JOINT	C_ADD	Aroma intensity	source panel median on source-defined scale	8	2	0.42000000000000004	0.5308307168956975	0.48424145372777827	0.6231102068901726			AGGREGATE_ONLY; source-native roast, not product seven bins	NOT_ESTIMABLE	No source roast contrast; fitting a zero-feature control is not evidence of C1 efficacy
vezzulli_panel	SENSORY_ATTRIBUTE_EFFECT	C_JOINT	C_ADD	Aroma persistence	source panel median on source-defined scale	8	2	0.6737500000000003	0.82869249423414	1.150405028310616	1.646309070688785			AGGREGATE_ONLY; source-native roast, not product seven bins	NOT_ESTIMABLE	No source roast contrast; fitting a zero-feature control is not evidence of C1 efficacy
vezzulli_panel	SENSORY_ATTRIBUTE_EFFECT	C_JOINT	C_ADD	Astringency	source panel median on source-defined scale	8	2	0.48249999999999993	0.524130231908063	0.8842311704949057	0.9657962214540821			AGGREGATE_ONLY; source-native roast, not product seven bins	NOT_ESTIMABLE	No source roast contrast; fitting a zero-feature control is not evidence of C1 efficacy
vezzulli_panel	SENSORY_ATTRIBUTE_EFFECT	C_JOINT	C_ADD	Bitter	source panel median on source-defined scale	8	2	0.675	0.9618861679013792	0.8253669882551975	1.2751989956992902			AGGREGATE_ONLY; source-native roast, not product seven bins	NOT_ESTIMABLE	No source roast contrast; fitting a zero-feature control is not evidence of C1 efficacy
vezzulli_panel	SENSORY_ATTRIBUTE_EFFECT	C_JOINT	C_ADD	Body	source panel median on source-defined scale	8	2	0.5925	0.6995980989110819	0.4686975567255546	0.5582237872906618			AGGREGATE_ONLY; source-native roast, not product seven bins	NOT_ESTIMABLE	No source roast contrast; fitting a zero-feature control is not evidence of C1 efficacy
vezzulli_panel	SENSORY_ATTRIBUTE_EFFECT	C_JOINT	C_ADD	Burnt	source panel median on source-defined scale	8	2	0.38625000000000004	0.4903442668166928	0.7242651585615401	0.9561949303747168			AGGREGATE_ONLY; source-native roast, not product seven bins	NOT_ESTIMABLE	No source roast contrast; fitting a zero-feature control is not evidence of C1 efficacy
vezzulli_panel	SENSORY_ATTRIBUTE_EFFECT	C_JOINT	C_ADD	Caramel	source panel median on source-defined scale	8	2	0.33999999999999997	0.379835490706174	0.6267363888368473	0.7097779266546348			AGGREGATE_ONLY; source-native roast, not product seven bins	NOT_ESTIMABLE	No source roast contrast; fitting a zero-feature control is not evidence of C1 efficacy
vezzulli_panel	SENSORY_ATTRIBUTE_EFFECT	C_JOINT	C_ADD	Cereals	source panel median on source-defined scale	8	2	0.44875000000000004	0.5443172328706855	0.9429496923269045	1.1527182464984456			AGGREGATE_ONLY; source-native roast, not product seven bins	NOT_ESTIMABLE	No source roast contrast; fitting a zero-feature control is not evidence of C1 efficacy
vezzulli_panel	SENSORY_ATTRIBUTE_EFFECT	C_JOINT	C_ADD	Cocoa	source panel median on source-defined scale	8	2	0.655	0.7644442425710329	1.056504685301539	1.2515206828948284			AGGREGATE_ONLY; source-native roast, not product seven bins	NOT_ESTIMABLE	No source roast contrast; fitting a zero-feature control is not evidence of C1 efficacy
vezzulli_panel	SENSORY_ATTRIBUTE_EFFECT	C_JOINT	C_ADD	Color intensity	source panel median on source-defined scale	8	2	0.25	0.3380088756231115	1.5760618960826338	2.4816354174880844			AGGREGATE_ONLY; source-native roast, not product seven bins	NOT_ESTIMABLE	No source roast contrast; fitting a zero-feature control is not evidence of C1 efficacy
vezzulli_panel	SENSORY_ATTRIBUTE_EFFECT	C_JOINT	C_ADD	Dry vegetal	source panel median on source-defined scale	8	2	0.87	1.0410991787529178	2.2874226027932196	3.267367457427078			AGGREGATE_ONLY; source-native roast, not product seven bins	NOT_ESTIMABLE	No source roast contrast; fitting a zero-feature control is not evidence of C1 efficacy
vezzulli_panel	SENSORY_ATTRIBUTE_EFFECT	C_JOINT	C_ADD	Floral and fruity	source panel median on source-defined scale	8	2	0.41250000000000003	0.47744764110842564	1.3453506453698818	1.5594914462165965			AGGREGATE_ONLY; source-native roast, not product seven bins	NOT_ESTIMABLE	No source roast contrast; fitting a zero-feature control is not evidence of C1 efficacy
vezzulli_panel	SENSORY_ATTRIBUTE_EFFECT	C_JOINT	C_ADD	Honey	source panel median on source-defined scale	8	2	0.5700000000000001	0.6327815578854997	1.130846965919557	1.3100714842279768			AGGREGATE_ONLY; source-native roast, not product seven bins	NOT_ESTIMABLE	No source roast contrast; fitting a zero-feature control is not evidence of C1 efficacy
vezzulli_panel	SENSORY_ATTRIBUTE_EFFECT	C_JOINT	C_ADD	Nuts and dry fruits	source panel median on source-defined scale	8	2	0.3812499999999999	0.4672057897757688	0.7088776925737703	0.9003175136274715			AGGREGATE_ONLY; source-native roast, not product seven bins	NOT_ESTIMABLE	No source roast contrast; fitting a zero-feature control is not evidence of C1 efficacy
vezzulli_panel	SENSORY_ATTRIBUTE_EFFECT	C_JOINT	C_ADD	Pastry	source panel median on source-defined scale	8	2	0.8	0.9308766029931143	2.0319086788995113	2.3794178082438417			AGGREGATE_ONLY; source-native roast, not product seven bins	NOT_ESTIMABLE	No source roast contrast; fitting a zero-feature control is not evidence of C1 efficacy
vezzulli_panel	SENSORY_ATTRIBUTE_EFFECT	C_JOINT	C_ADD	Positive aromas	source panel median on source-defined scale	8	2	0.2737500000000001	0.31762792698375886	0.8071314371385861	0.9522191995893621			AGGREGATE_ONLY; source-native roast, not product seven bins	NOT_ESTIMABLE	No source roast contrast; fitting a zero-feature control is not evidence of C1 efficacy
vezzulli_panel	SENSORY_ATTRIBUTE_EFFECT	C_JOINT	C_ADD	Roasted	source panel median on source-defined scale	8	2	0.4650000000000001	0.5330630825709093	1.2011645471487244	1.5071009936357695			AGGREGATE_ONLY; source-native roast, not product seven bins	NOT_ESTIMABLE	No source roast contrast; fitting a zero-feature control is not evidence of C1 efficacy
vezzulli_panel	SENSORY_ATTRIBUTE_EFFECT	C_JOINT	C_ADD	Stone fruit	source panel median on source-defined scale	8	2	0.30499999999999994	0.3883056141752266	0.7810641899207127	1.0815509338068992			AGGREGATE_ONLY; source-native roast, not product seven bins	NOT_ESTIMABLE	No source roast contrast; fitting a zero-feature control is not evidence of C1 efficacy
vezzulli_panel	SENSORY_ATTRIBUTE_EFFECT	C_JOINT	C_ADD	Vegetal	source panel median on source-defined scale	8	2	0.725	0.7693991161939295	1.3747314916829119	1.5870874668920996			AGGREGATE_ONLY; source-native roast, not product seven bins	NOT_ESTIMABLE	No source roast contrast; fitting a zero-feature control is not evidence of C1 efficacy
