dataset_snapshot_key	source_document_key	source_revision	source_date	geography	language	raw_text	raw_text_public_export_allowed	capture_method	c0_candidate	c1_source_local	black_milk	sensory_method	participant_type
wikidata.coffee-preparation-entities.20260825	Q1054566	2531664390	2026-08-15	global_collaborative_source	multilingual	"{""aliases"":{""en"":[{""language"":""en"",""value"":""stovetop espresso maker""}]},""labels"":{""en"":{""language"":""en"",""value"":""moka pot""},""zh"":{""language"":""zh"",""value"":""摩卡壶""},""zh-cn"":{""language"":""zh-cn"",""source-language"":""zh"",""value"":""摩卡壶""},""zh-hans"":{""language"":""zh-hans"",""source-language"":""zh"",""value"":""摩卡壶""}}}"	true	Wikidata Action API wbgetentities	stovetop_boiled	not_applicable_lexical_source	black	lexical_reference	not_applicable
wikidata.coffee-preparation-entities.20260825	Q1147545	2523841711	2026-07-28	global_collaborative_source	multilingual	"{""aliases"":{""en"":[{""language"":""en"",""value"":""coffee press""},{""language"":""en"",""value"":""coffee plunger""},{""language"":""en"",""value"":""сafetière à piston""}]},""labels"":{""en"":{""language"":""en"",""value"":""French press pot""},""zh"":{""language"":""zh"",""value"":""法式濾壓壺""},""zh-cn"":{""language"":""zh-cn"",""source-language"":""zh-hans"",""value"":""法式滤压壶""},""zh-hans"":{""language"":""zh-hans"",""value"":""法式滤压壶""}}}"	true	Wikidata Action API wbgetentities	immersion	not_applicable_lexical_source	black	lexical_reference	not_applicable
wikidata.coffee-preparation-entities.20260825	Q1152551	2485418596	2026-04-28	global_collaborative_source	multilingual	"{""aliases"":{""en"":[{""language"":""en"",""value"":""Caffe Americano""},{""language"":""en"",""value"":""cafe americano""},{""language"":""en"",""value"":""americano""}]},""labels"":{""en"":{""language"":""en"",""value"":""caffè americano""},""zh"":{""language"":""zh"",""value"":""美式咖啡""},""zh-cn"":{""language"":""zh-cn"",""source-language"":""zh-hans"",""value"":""美式咖啡""},""zh-hans"":{""language"":""zh-hans"",""value"":""美式咖啡""}}}"	true	Wikidata Action API wbgetentities	diluted_espresso	not_applicable_lexical_source	black	lexical_reference	not_applicable
wikidata.coffee-preparation-entities.20260825	Q1155703	2532217386	2026-08-17	global_collaborative_source	multilingual	"{""aliases"":{""en"":[{""language"":""en"",""value"":""brewed coffee""},{""language"":""en"",""value"":""drip brewed coffee""},{""language"":""en"",""value"":""filtered coffee""},{""language"":""en"",""value"":""pour-over coffee""},{""language"":""en"",""value"":""immersion brewed coffee""}]},""labels"":{""en"":{""language"":""en"",""value"":""drip coffee""},""zh"":{""language"":""zh"",""value"":""滴漏式咖啡""},""zh-cn"":{""language"":""zh-cn"",""source-language"":""zh"",""value"":""滴漏式咖啡""},""zh-hans"":{""language"":""zh-hans"",""source-language"":""zh"",""value"":""滴漏式咖啡""}}}"	true	Wikidata Action API wbgetentities	filter_percolation	not_applicable_lexical_source	black	lexical_reference	not_applicable
wikidata.coffee-preparation-entities.20260825	Q159774	2528113227	2026-08-06	global_collaborative_source	multilingual	"{""aliases"":{""en"":[{""language"":""en"",""value"":""Kapuziner""}],""zh"":[{""language"":""zh"",""value"":""卡布奇諾""},{""language"":""zh"",""value"":""卡布奇诺咖啡""},{""language"":""zh"",""value"":""意大利泡沫咖啡""},{""language"":""zh"",""value"":""泡沫咖啡""}]},""labels"":{""en"":{""language"":""en"",""value"":""cappuccino""},""zh"":{""language"":""zh"",""value"":""卡布奇诺""},""zh-cn"":{""language"":""zh-cn"",""value"":""卡布奇诺""},""zh-hans"":{""language"":""zh-hans"",""value"":""卡布奇诺""}}}"	true	Wikidata Action API wbgetentities	espresso_milk	not_applicable_lexical_source	milk	lexical_reference	not_applicable
wikidata.coffee-preparation-entities.20260825	Q180289	2496886557	2026-05-24	global_collaborative_source	multilingual	"{""aliases"":{""zh"":[{""language"":""zh"",""value"":""義式咖啡""},{""language"":""zh"",""value"":""浓缩咖啡""},{""language"":""zh"",""value"":""特濃咖啡""},{""language"":""zh"",""value"":""意式浓缩咖啡""},{""language"":""zh"",""value"":""意式浓咖啡""},{""language"":""zh"",""value"":""意式浓缩""},{""language"":""zh"",""value"":""義式濃縮咖啡""}]},""labels"":{""en"":{""language"":""en"",""value"":""espresso""},""zh"":{""language"":""zh"",""value"":""濃縮咖啡""},""zh-cn"":{""language"":""zh-cn"",""value"":""浓缩咖啡""},""zh-hans"":{""language"":""zh-hans"",""value"":""浓缩咖啡""}}}"	true	Wikidata Action API wbgetentities	espresso_pressure	not_applicable_lexical_source	black	lexical_reference	not_applicable
wikidata.coffee-preparation-entities.20260825	Q381188	2526674724	2026-08-03	global_collaborative_source	multilingual	"{""aliases"":{},""labels"":{""en"":{""language"":""en"",""value"":""AeroPress""},""zh"":{""language"":""zh"",""value"":""愛樂壓""},""zh-cn"":{""language"":""zh-cn"",""source-language"":""zh"",""value"":""爱乐压""},""zh-hans"":{""language"":""zh-hans"",""source-language"":""zh"",""value"":""爱乐压""}}}"	true	Wikidata Action API wbgetentities	hybrid	not_applicable_lexical_source	black	lexical_reference	not_applicable
wikidata.coffee-preparation-entities.20260825	Q43022	2517091554	2026-07-13	global_collaborative_source	multilingual	"{""aliases"":{""zh"":[{""language"":""zh"",""value"":""土耳其式咖啡""}]},""labels"":{""en"":{""language"":""en"",""value"":""Turkish coffee""},""zh"":{""language"":""zh"",""value"":""土耳其咖啡""},""zh-cn"":{""language"":""zh-cn"",""source-language"":""zh"",""value"":""土耳其咖啡""},""zh-hans"":{""language"":""zh-hans"",""source-language"":""zh"",""value"":""土耳其咖啡""}}}"	true	Wikidata Action API wbgetentities	stovetop_boiled	not_applicable_lexical_source	black	lexical_reference	not_applicable
wikidata.coffee-preparation-entities.20260825	Q5142444	2529245491	2026-08-09	global_collaborative_source	multilingual	"{""aliases"":{""en"":[{""language"":""en"",""value"":""cold press coffee""},{""language"":""en"",""value"":""Kyoto style cold brew""},{""language"":""en"",""value"":""Dutch coffee""},{""language"":""en"",""value"":""cold drip""}],""zh"":[{""language"":""zh"",""value"":""冰滴咖啡""}]},""labels"":{""en"":{""language"":""en"",""value"":""cold brew coffee""},""zh"":{""language"":""zh"",""value"":""冷泡咖啡""},""zh-cn"":{""language"":""zh-cn"",""source-language"":""zh-hans"",""value"":""冷泡咖啡""},""zh-hans"":{""language"":""zh-hans"",""value"":""冷泡咖啡""}}}"	true	Wikidata Action API wbgetentities	cold_extraction	not_applicable_lexical_source	black	lexical_reference	not_applicable
wikidata.coffee-preparation-entities.20260825	Q62449	2528827648	2026-08-08	global_collaborative_source	multilingual	"{""aliases"":{""en"":[{""language"":""en"",""value"":""Flat white""}]},""labels"":{""en"":{""language"":""en"",""value"":""flat white""},""zh"":{""language"":""zh"",""value"":""馥芮白""},""zh-cn"":{""language"":""zh-cn"",""source-language"":""zh-hans"",""value"":""flat white""},""zh-hans"":{""language"":""zh-hans"",""value"":""flat white""}}}"	true	Wikidata Action API wbgetentities	espresso_milk	not_applicable_lexical_source	milk	lexical_reference	not_applicable
wikidata.coffee-preparation-entities.20260825	Q841774	2534619335	2026-08-22	global_collaborative_source	multilingual	"{""aliases"":{""en"":[{""language"":""en"",""value"":""caffè latte""},{""language"":""en"",""value"":""caffellate""},{""language"":""en"",""value"":""caffè e latte""},{""language"":""en"",""value"":""caffe latte""},{""language"":""en"",""value"":""caffe e latte""},{""language"":""en"",""value"":""cafe latte""},{""language"":""en"",""value"":""Lattes""}],""zh"":[{""language"":""zh"",""value"":""拿鐵""},{""language"":""zh"",""value"":""鮮奶咖啡""},{""language"":""zh"",""value"":""拿鐵咖啡""},{""language"":""zh"",""value"":""牛奶咖啡""},{""language"":""zh"",""value"":""咖啡拿铁""},{""language"":""zh"",""value"":""咖啡拿鐵""},{""language"":""zh"",""value"":""拿铁""}]},""labels"":{""en"":{""language"":""en"",""value"":""latte""},""zh"":{""language"":""zh"",""value"":""拿铁咖啡""},""zh-cn"":{""language"":""zh-cn"",""source-language"":""zh-hans"",""value"":""拿铁咖啡""},""zh-hans"":{""language"":""zh-hans"",""value"":""拿铁咖啡""}}}"	true	Wikidata Action API wbgetentities	espresso_milk	not_applicable_lexical_source	milk	lexical_reference	not_applicable
wikidata.coffee-preparation-entities.20260825	Q849290	2287672731	2024-12-15	global_collaborative_source	multilingual	"{""aliases"":{},""labels"":{""en"":{""language"":""en"",""value"":""long black""},""zh"":{""for-language"":""zh"",""language"":""en"",""value"":""long black""},""zh-cn"":{""for-language"":""zh-cn"",""language"":""en"",""value"":""long black""},""zh-hans"":{""for-language"":""zh-hans"",""language"":""en"",""value"":""long black""}}}"	true	Wikidata Action API wbgetentities	diluted_espresso	not_applicable_lexical_source	black	lexical_reference	not_applicable
wikidata.coffee-preparation-entities.20260825	Q858049	2454127718	2026-01-12	global_collaborative_source	multilingual	"{""aliases"":{""en"":[{""language"":""en"",""value"":""soluble coffee""},{""language"":""en"",""value"":""coffee crystals""},{""language"":""en"",""value"":""coffee powder""}],""zh"":[{""language"":""zh"",""value"":""速溶咖啡""},{""language"":""zh"",""value"":""咖啡精""}]},""labels"":{""en"":{""language"":""en"",""value"":""instant coffee""},""zh"":{""language"":""zh"",""value"":""即溶咖啡""},""zh-cn"":{""language"":""zh-cn"",""source-language"":""zh-hans"",""value"":""即溶咖啡""},""zh-hans"":{""language"":""zh-hans"",""value"":""即溶咖啡""}}}"	true	Wikidata Action API wbgetentities	unresolved_instant_product	not_applicable_lexical_source	not_reported	lexical_reference	not_applicable
wikidata.coffee-preparation-entities.20260825	Q968554	2502210106	2026-06-05	global_collaborative_source	multilingual	"{""aliases"":{""en"":[{""language"":""en"",""value"":""ice coffee""}]},""labels"":{""en"":{""language"":""en"",""value"":""iced coffee""},""zh"":{""language"":""zh"",""value"":""冰咖啡""},""zh-cn"":{""language"":""zh-cn"",""source-language"":""zh"",""value"":""冰咖啡""},""zh-hans"":{""language"":""zh-hans"",""source-language"":""zh"",""value"":""冰咖啡""}}}"	true	Wikidata Action API wbgetentities	unresolved_iced_preparation	not_applicable_lexical_source	not_reported	lexical_reference	not_applicable
usda.fdc-coffee-search.fndds-2021-2023.20260825	2710373	2710373	2024-10-31	United States	en	"{""additionalDescriptions"":"""",""description"":""Coffee, NS as to type""}"	true	USDA FoodData Central API foods/search; Survey (FNDDS)	unresolved_preparation	not_reported	not_reported	consumer_food_description_lexical_reference	not_applicable_aggregate_reference
usda.fdc-coffee-search.fndds-2021-2023.20260825	2710374	2710374	2024-10-31	United States	en	"{""additionalDescriptions"":""coffee singles, bags, pods, or K-cups"",""description"":""Coffee, NS as to brewed or instant""}"	true	USDA FoodData Central API foods/search; Survey (FNDDS)	filter_percolation_candidate	not_reported	black	consumer_food_description_lexical_reference	not_applicable_aggregate_reference
usda.fdc-coffee-search.fndds-2021-2023.20260825	2710375	2710375	2024-10-31	United States	en	"{""additionalDescriptions"":""coffee singles, bags, pods, or K-cups;coffee, brewed, NS as to regular or decaffeinated"",""description"":""Coffee, brewed""}"	true	USDA FoodData Central API foods/search; Survey (FNDDS)	filter_percolation_candidate	not_reported	black	consumer_food_description_lexical_reference	not_applicable_aggregate_reference
usda.fdc-coffee-search.fndds-2021-2023.20260825	2710376	2710376	2024-10-31	United States	en	"{""additionalDescriptions"":""reduced caffeine;half-caf;coffee singles, bags, pods or K-cups"",""description"":""Coffee, brewed, blend of regular and decaffeinated""}"	true	USDA FoodData Central API foods/search; Survey (FNDDS)	filter_percolation_candidate	not_reported	black	consumer_food_description_lexical_reference	not_applicable_aggregate_reference
usda.fdc-coffee-search.fndds-2021-2023.20260825	2710377	2710377	2024-10-31	United States	en	"{""additionalDescriptions"":"""",""description"":""Coffee, Turkish""}"	true	USDA FoodData Central API foods/search; Survey (FNDDS)	stovetop_boiled	not_reported	black	consumer_food_description_lexical_reference	not_applicable_aggregate_reference
usda.fdc-coffee-search.fndds-2021-2023.20260825	2710378	2710378	2024-10-31	United States	en	"{""additionalDescriptions"":"""",""description"":""Coffee, espresso""}"	true	USDA FoodData Central API foods/search; Survey (FNDDS)	espresso_pressure	not_reported	black	consumer_food_description_lexical_reference	not_applicable_aggregate_reference
usda.fdc-coffee-search.fndds-2021-2023.20260825	2710379	2710379	2024-10-31	United States	en	"{""additionalDescriptions"":"""",""description"":""Coffee, espresso, decaffeinated""}"	true	USDA FoodData Central API foods/search; Survey (FNDDS)	espresso_pressure	not_reported	black	consumer_food_description_lexical_reference	not_applicable_aggregate_reference
usda.fdc-coffee-search.fndds-2021-2023.20260825	2710380	2710380	2024-10-31	United States	en	"{""additionalDescriptions"":""coffee singles, bags, pods, or K-cups"",""description"":""Coffee, brewed, flavored""}"	true	USDA FoodData Central API foods/search; Survey (FNDDS)	filter_percolation_candidate	not_reported	black	consumer_food_description_lexical_reference	not_applicable_aggregate_reference
usda.fdc-coffee-search.fndds-2021-2023.20260825	2710381	2710381	2024-10-31	United States	en	"{""additionalDescriptions"":"""",""description"":""Coffee, Cuban""}"	true	USDA FoodData Central API foods/search; Survey (FNDDS)	unresolved_cuban_preparation	not_reported	not_reported	consumer_food_description_lexical_reference	not_applicable_aggregate_reference
usda.fdc-coffee-search.fndds-2021-2023.20260825	2710382	2710382	2024-10-31	United States	en	"{""additionalDescriptions"":"""",""description"":""Coffee, macchiato""}"	true	USDA FoodData Central API foods/search; Survey (FNDDS)	espresso_milk_or_mixed_coffee_candidate	not_reported	milk	consumer_food_description_lexical_reference	not_applicable_aggregate_reference
usda.fdc-coffee-search.fndds-2021-2023.20260825	2710383	2710383	2024-10-31	United States	en	"{""additionalDescriptions"":""caramel macchiato"",""description"":""Coffee, macchiato, sweetened""}"	true	USDA FoodData Central API foods/search; Survey (FNDDS)	espresso_milk_or_mixed_coffee_candidate	not_reported	milk	consumer_food_description_lexical_reference	not_applicable_aggregate_reference
usda.fdc-coffee-search.fndds-2021-2023.20260825	2710384	2710384	2024-10-31	United States	en	"{""additionalDescriptions"":""beverage made with equal amounts of coffee and milk, sugar added"",""description"":""Coffee, cafe con leche""}"	true	USDA FoodData Central API foods/search; Survey (FNDDS)	espresso_milk_or_mixed_coffee_candidate	not_reported	milk	consumer_food_description_lexical_reference	not_applicable_aggregate_reference
usda.fdc-coffee-search.fndds-2021-2023.20260825	2710385	2710385	2024-10-31	United States	en	"{""additionalDescriptions"":""beverage made with equal amounts of decaffeinated coffee and milk, sugar added"",""description"":""Coffee, cafe con leche, decaffeinated""}"	true	USDA FoodData Central API foods/search; Survey (FNDDS)	espresso_milk_or_mixed_coffee_candidate	not_reported	milk	consumer_food_description_lexical_reference	not_applicable_aggregate_reference
usda.fdc-coffee-search.fndds-2021-2023.20260825	2710386	2710386	2024-10-31	United States	en	"{""additionalDescriptions"":""plain or unflavored;2% or whole milk;NS as to regular or decaffeinated"",""description"":""Coffee, Latte""}"	true	USDA FoodData Central API foods/search; Survey (FNDDS)	espresso_milk_or_mixed_coffee_candidate	not_reported	milk	consumer_food_description_lexical_reference	not_applicable_aggregate_reference
usda.fdc-coffee-search.fndds-2021-2023.20260825	2710387	2710387	2024-10-31	United States	en	"{""additionalDescriptions"":""plain or unflavored;NS as to regular or decaffeinated;sugar free;low fat, fat free, skim or 1% milk"",""description"":""Coffee, Latte, nonfat""}"	true	USDA FoodData Central API foods/search; Survey (FNDDS)	espresso_milk_or_mixed_coffee_candidate	not_reported	milk	consumer_food_description_lexical_reference	not_applicable_aggregate_reference
usda.fdc-coffee-search.fndds-2021-2023.20260825	2710388	2710388	2024-10-31	United States	en	"{""additionalDescriptions"":""plain or unflavored;almond, coconut, rice, or soy milk;NS as to regular or decaffeinated"",""description"":""Coffee, Latte, with non-dairy milk""}"	true	USDA FoodData Central API foods/search; Survey (FNDDS)	espresso_milk_or_mixed_coffee_candidate	not_reported	milk	consumer_food_description_lexical_reference	not_applicable_aggregate_reference
usda.fdc-coffee-search.fndds-2021-2023.20260825	2710389	2710389	2024-10-31	United States	en	"{""additionalDescriptions"":""flavors other than chocolate;2% or whole milk;NS as to regular or decaffeinated"",""description"":""Coffee, Latte, flavored""}"	true	USDA FoodData Central API foods/search; Survey (FNDDS)	espresso_milk_or_mixed_coffee_candidate	not_reported	milk	consumer_food_description_lexical_reference	not_applicable_aggregate_reference
usda.fdc-coffee-search.fndds-2021-2023.20260825	2710390	2710390	2024-10-31	United States	en	"{""additionalDescriptions"":""flavors other than chocolate;NS as to regular or decaffeinated;low fat, fat free, skim or 1% milk"",""description"":""Coffee, Latte, nonfat, flavored""}"	true	USDA FoodData Central API foods/search; Survey (FNDDS)	espresso_milk_or_mixed_coffee_candidate	not_reported	milk	consumer_food_description_lexical_reference	not_applicable_aggregate_reference
usda.fdc-coffee-search.fndds-2021-2023.20260825	2710391	2710391	2024-10-31	United States	en	"{""additionalDescriptions"":""NS as to regular or decaffeinated;almond, coconut, rice, or soy milk;flavors other than chocolate"",""description"":""Coffee, Latte, with non-dairy milk, flavored""}"	true	USDA FoodData Central API foods/search; Survey (FNDDS)	espresso_milk_or_mixed_coffee_candidate	not_reported	milk	consumer_food_description_lexical_reference	not_applicable_aggregate_reference
usda.fdc-coffee-search.fndds-2021-2023.20260825	2710392	2710392	2024-10-31	United States	en	"{""additionalDescriptions"":""2% or whole milk;plain or unflavored"",""description"":""Coffee, Latte, decaffeinated""}"	true	USDA FoodData Central API foods/search; Survey (FNDDS)	espresso_milk_or_mixed_coffee_candidate	not_reported	milk	consumer_food_description_lexical_reference	not_applicable_aggregate_reference
usda.fdc-coffee-search.fndds-2021-2023.20260825	2710393	2710393	2024-10-31	United States	en	"{""additionalDescriptions"":""low fat, fat free, skim or 1% milk;plain or unflavored;sugar free"",""description"":""Coffee, Latte, decaffeinated, nonfat""}"	true	USDA FoodData Central API foods/search; Survey (FNDDS)	espresso_milk_or_mixed_coffee_candidate	not_reported	milk	consumer_food_description_lexical_reference	not_applicable_aggregate_reference
usda.fdc-coffee-search.fndds-2021-2023.20260825	2710394	2710394	2024-10-31	United States	en	"{""additionalDescriptions"":""almond, coconut, rice, or soy milk;plain or unflavored"",""description"":""Coffee, Latte, decaffeinated, with non-dairy milk""}"	true	USDA FoodData Central API foods/search; Survey (FNDDS)	espresso_milk_or_mixed_coffee_candidate	not_reported	milk	consumer_food_description_lexical_reference	not_applicable_aggregate_reference
usda.fdc-coffee-search.fndds-2021-2023.20260825	2710395	2710395	2024-10-31	United States	en	"{""additionalDescriptions"":""flavors other than chocolate;2% or whole milk"",""description"":""Coffee, Latte, decaffeinated, flavored""}"	true	USDA FoodData Central API foods/search; Survey (FNDDS)	espresso_milk_or_mixed_coffee_candidate	not_reported	milk	consumer_food_description_lexical_reference	not_applicable_aggregate_reference
usda.fdc-coffee-search.fndds-2021-2023.20260825	2710396	2710396	2024-10-31	United States	en	"{""additionalDescriptions"":""flavors other than chocolate;low fat, fat free, skim or 1% milk"",""description"":""Coffee, Latte, decaffeinated, nonfat, flavored""}"	true	USDA FoodData Central API foods/search; Survey (FNDDS)	espresso_milk_or_mixed_coffee_candidate	not_reported	milk	consumer_food_description_lexical_reference	not_applicable_aggregate_reference
usda.fdc-coffee-search.fndds-2021-2023.20260825	2710397	2710397	2024-10-31	United States	en	"{""additionalDescriptions"":""flavors other than chocolate;almond, coconut, rice, or soy milk"",""description"":""Coffee, Latte, decaffeinated, with non-dairy milk, flavored""}"	true	USDA FoodData Central API foods/search; Survey (FNDDS)	espresso_milk_or_mixed_coffee_candidate	not_reported	milk	consumer_food_description_lexical_reference	not_applicable_aggregate_reference
usda.fdc-coffee-search.fndds-2021-2023.20260825	2710398	2710398	2024-10-31	United States	en	"{""additionalDescriptions"":""plain, unflavored, or flavors other than chocolate;Starbuck's Frappuccino;NS as to regular or decaffeinated;Dunkin Donut's Coffee Coolatta;2% or whole milk;McDonald's McCafe Frappe"",""description"":""Frozen coffee drink""}"	true	USDA FoodData Central API foods/search; Survey (FNDDS)	espresso_milk_or_mixed_coffee_candidate	not_reported	milk	consumer_food_description_lexical_reference	not_applicable_aggregate_reference
usda.fdc-coffee-search.fndds-2021-2023.20260825	2710399	2710399	2024-10-31	United States	en	"{""additionalDescriptions"":""NS as to regular or decaffeinated;Starbuck's Skinny Frappuccino;Dunkin Donut's Coffee Coolatta;sugar free;plain, unflavored, or flavors other than chocolate;low fat, fat free, skim or 1% milk"",""description"":""Frozen coffee drink, nonfat""}"	true	USDA FoodData Central API foods/search; Survey (FNDDS)	espresso_milk_or_mixed_coffee_candidate	not_reported	milk	consumer_food_description_lexical_reference	not_applicable_aggregate_reference
usda.fdc-coffee-search.fndds-2021-2023.20260825	2710400	2710400	2024-10-31	United States	en	"{""additionalDescriptions"":""NS as to regular or decaffeinated;almond, coconut, rice, or soy milk;plain, unflavored or flavors other than chocolate"",""description"":""Frozen coffee drink, with non-dairy milk""}"	true	USDA FoodData Central API foods/search; Survey (FNDDS)	espresso_milk_or_mixed_coffee_candidate	not_reported	milk	consumer_food_description_lexical_reference	not_applicable_aggregate_reference
usda.fdc-coffee-search.fndds-2021-2023.20260825	2710401	2710401	2024-10-31	United States	en	"{""additionalDescriptions"":""Starbuck's Coffee Frappuccino;2% or whole milk;McDonald's McCafe Frappe;plain, unflavored, or flavors other than chocolate;NS as to regular or decaffeinated;NS as to with or without whipped cream"",""description"":""Frozen coffee drink, with whipped cream""}"	true	USDA FoodData Central API foods/search; Survey (FNDDS)	espresso_milk_or_mixed_coffee_candidate	not_reported	milk	consumer_food_description_lexical_reference	not_applicable_aggregate_reference
usda.fdc-coffee-search.fndds-2021-2023.20260825	2710402	2710402	2024-10-31	United States	en	"{""additionalDescriptions"":""plain, unflavored, or flavors other than chocolate;Starbuck's Skinny Frappuccino;low fat, fat free, skim or 1% milk;NS as to regular or decaffeinated;NS as to with or without whipped cream;sugar free"",""description"":""Frozen coffee drink, nonfat, with whipped cream""}"	true	USDA FoodData Central API foods/search; Survey (FNDDS)	espresso_milk_or_mixed_coffee_candidate	not_reported	milk	consumer_food_description_lexical_reference	not_applicable_aggregate_reference
usda.fdc-coffee-search.fndds-2021-2023.20260825	2710403	2710403	2024-10-31	United States	en	"{""additionalDescriptions"":""NS as to with or without whipped cream;plain, unflavored, or flavors other than chocolate;NS as to regular or decaffeinated;almond, coconut, rice, or soy milk"",""description"":""Frozen coffee drink, with non-dairy milk and whipped cream""}"	true	USDA FoodData Central API foods/search; Survey (FNDDS)	espresso_milk_or_mixed_coffee_candidate	not_reported	milk	consumer_food_description_lexical_reference	not_applicable_aggregate_reference
usda.fdc-coffee-search.fndds-2021-2023.20260825	2710404	2710404	2024-10-31	United States	en	"{""additionalDescriptions"":""plain, unflavored, or flavors other than chocolate;Starbuck's Frappuccino;2% or whole milk"",""description"":""Frozen coffee drink, decaffeinated""}"	true	USDA FoodData Central API foods/search; Survey (FNDDS)	espresso_milk_or_mixed_coffee_candidate	not_reported	milk	consumer_food_description_lexical_reference	not_applicable_aggregate_reference
