case_id	category	purpose	harness_reachable	fixture_kind	input_json	candidate_override_json	expected_error	result_json	result_origin
PT001	clear_headline	Concrete sweet/nut/cocoa direction followed by a separating question	true	PARTICIPANT_FLOW_FIXTURE	"{""variant"":""A"",""c0"":null,""c1"":null,""answers"":[{""questionId"":""direction_A"",""optionIdsShown"":[""fruit"",""floral_tea"",""sweet_nut_cocoa"",""roast_spice_ferment""],""selectedOptionIds"":[""sweet_nut_cocoa""],""responseState"":""SELECTED""},{""questionId"":""browned_sweet_reference"",""optionIdsShown"":[""brown_sugar"",""caramel_honey"",""dark_chocolate"",""nuts""],""selectedOptionIds"":[""brown_sugar"",""caramel_honey"",""dark_chocolate"",""nuts""],""responseState"":""SELECTED""}],""openSet"":false}"			"{""resultState"":""SUPPORTED_PARTIAL_OUTPUT"",""headline"":[""sensory.caramel"",""sensory.honey"",""sensory.dark_chocolate""],""expandedMain"":[""sensory.almond""],""exploration"":[],""extraQuestionAppropriate"":false,""nextQuestion"":"""",""questionCount"":2,""explanations"":[{""conceptId"":""sensory.caramel"",""text"":""可把“焦糖香”作为参照；它不表示加了糖，也不等于烟熏味。"",""lineage"":""db/data/current/CLEANED_DESCRIPTOR_DISTRIBUTION.tsv|db/data/current/ONTOLOGY_CONSOLIDATION_V2.tsv|db/data/round3h/batch5/relationship_evidence_claims.tsv|packages/flavor-data/src/descriptors.ts""},{""conceptId"":""sensory.honey"",""text"":""可把“蜂蜜香”作为参照；闻着甜不代表含糖量高，也不一定喝着甜。"",""lineage"":""db/data/current/CLEANED_DESCRIPTOR_DISTRIBUTION.tsv|db/data/current/ONTOLOGY_CONSOLIDATION_V2.tsv|db/data/round3h/batch5/relationship_evidence_claims.tsv|packages/flavor-data/src/descriptors.ts""},{""conceptId"":""sensory.dark_chocolate"",""text"":""可把“黑巧克力”作为参照；只有苦味，还不足以描述这种联想。"",""lineage"":""db/data/current/CLEANED_DESCRIPTOR_DISTRIBUTION.tsv|db/data/current/ONTOLOGY_CONSOLIDATION_V2.tsv|db/data/round3h/batch5/relationship_evidence_claims.tsv|packages/flavor-data/src/descriptors.ts""},{""conceptId"":""sensory.almond"",""text"":""可把“杏仁”作为参照，看看是否贴近你的感觉；这个名称不表示添加了杏仁。"",""lineage"":""db/data/current/CLEANED_DESCRIPTOR_DISTRIBUTION.tsv|db/data/current/ONTOLOGY_CONSOLIDATION_V2.tsv|db/data/round3h/batch5/relationship_evidence_claims.tsv|packages/flavor-data/src/descriptors.ts""}]}"	UNCALIBRATED_DETERMINISTIC_POLICY_OUTPUT_NOT_HUMAN_LABEL
PT002	clear_headline	Multiple broad directions retain supported headline and expanded candidates	true	PARTICIPANT_FLOW_FIXTURE	"{""variant"":""A"",""c0"":null,""c1"":null,""answers"":[{""questionId"":""direction_A"",""optionIdsShown"":[""fruit"",""floral_tea"",""sweet_nut_cocoa"",""roast_spice_ferment""],""selectedOptionIds"":[""fruit"",""sweet_nut_cocoa""],""responseState"":""SELECTED""},{""questionId"":""browned_sweet_reference"",""optionIdsShown"":[""brown_sugar"",""caramel_honey"",""dark_chocolate"",""nuts""],""selectedOptionIds"":[""brown_sugar"",""caramel_honey"",""dark_chocolate"",""nuts""],""responseState"":""SELECTED""}],""openSet"":false}"			"{""resultState"":""SUPPORTED_PARTIAL_OUTPUT"",""headline"":[""sensory.caramel"",""sensory.honey"",""sensory.dark_chocolate""],""expandedMain"":[""sensory.almond"",""sensory.orange""],""exploration"":[""sensory.blueberry""],""extraQuestionAppropriate"":false,""nextQuestion"":"""",""questionCount"":2,""explanations"":[{""conceptId"":""sensory.caramel"",""text"":""可把“焦糖香”作为参照；它不表示加了糖，也不等于烟熏味。"",""lineage"":""db/data/current/CLEANED_DESCRIPTOR_DISTRIBUTION.tsv|db/data/current/ONTOLOGY_CONSOLIDATION_V2.tsv|db/data/round3h/batch5/relationship_evidence_claims.tsv|packages/flavor-data/src/descriptors.ts""},{""conceptId"":""sensory.honey"",""text"":""可把“蜂蜜香”作为参照；闻着甜不代表含糖量高，也不一定喝着甜。"",""lineage"":""db/data/current/CLEANED_DESCRIPTOR_DISTRIBUTION.tsv|db/data/current/ONTOLOGY_CONSOLIDATION_V2.tsv|db/data/round3h/batch5/relationship_evidence_claims.tsv|packages/flavor-data/src/descriptors.ts""},{""conceptId"":""sensory.dark_chocolate"",""text"":""可把“黑巧克力”作为参照；只有苦味，还不足以描述这种联想。"",""lineage"":""db/data/current/CLEANED_DESCRIPTOR_DISTRIBUTION.tsv|db/data/current/ONTOLOGY_CONSOLIDATION_V2.tsv|db/data/round3h/batch5/relationship_evidence_claims.tsv|packages/flavor-data/src/descriptors.ts""},{""conceptId"":""sensory.almond"",""text"":""可把“杏仁”作为参照，看看是否贴近你的感觉；这个名称不表示添加了杏仁。"",""lineage"":""db/data/current/CLEANED_DESCRIPTOR_DISTRIBUTION.tsv|db/data/current/ONTOLOGY_CONSOLIDATION_V2.tsv|db/data/round3h/batch5/relationship_evidence_claims.tsv|packages/flavor-data/src/descriptors.ts""},{""conceptId"":""sensory.orange"",""text"":""可把“橙子”作为参照，看看是否贴近你的感觉；它与橙花香分开描述。"",""lineage"":""db/data/current/CLEANED_DESCRIPTOR_DISTRIBUTION.tsv|db/data/current/ONTOLOGY_CONSOLIDATION_V2.tsv|db/data/round3h/batch5/relationship_evidence_claims.tsv|packages/flavor-data/src/descriptors.ts""},{""conceptId"":""sensory.blueberry"",""text"":""可把“蓝莓”作为参照；如果你只感觉像某种莓果，也可以先保留宽泛说法。"",""lineage"":""db/data/current/CLEANED_DESCRIPTOR_DISTRIBUTION.tsv|db/data/current/ONTOLOGY_CONSOLIDATION_V2.tsv|db/data/round3h/batch5/relationship_evidence_claims.tsv|packages/flavor-data/src/descriptors.ts""}]}"	UNCALIBRATED_DETERMINISTIC_POLICY_OUTPUT_NOT_HUMAN_LABEL
PT003	variant_b	Progressive fruit/flower branch follows the assigned broad first question	true	PARTICIPANT_FLOW_FIXTURE	"{""variant"":""B"",""c0"":null,""c1"":null,""answers"":[{""questionId"":""direction_B"",""optionIdsShown"":[""fruit_flower"",""sweet_nut_cocoa"",""roast_spice_ferment""],""selectedOptionIds"":[""fruit_flower""],""responseState"":""SELECTED""},{""questionId"":""fruit_flower_branch"",""optionIdsShown"":[""fruit"",""flower"",""tea""],""selectedOptionIds"":[""fruit"",""flower"",""tea""],""responseState"":""SELECTED""}],""openSet"":false}"			"{""resultState"":""SUPPORTED_PARTIAL_OUTPUT"",""headline"":[""sensory.jasmine"",""sensory.orange"",""sensory.blueberry""],""expandedMain"":[""sensory.rose"",""sensory.green_tea""],""exploration"":[],""extraQuestionAppropriate"":false,""nextQuestion"":"""",""questionCount"":2,""explanations"":[{""conceptId"":""sensory.jasmine"",""text"":""可试着用“茉莉花香”描述这份花香；不需要同时有水果香或酸味。"",""lineage"":""db/data/current/CLEANED_DESCRIPTOR_DISTRIBUTION.tsv|db/data/current/ONTOLOGY_CONSOLIDATION_V2.tsv|db/data/round3h/batch5/relationship_evidence_claims.tsv|packages/flavor-data/src/descriptors.ts""},{""conceptId"":""sensory.orange"",""text"":""可把“橙子”作为参照，看看是否贴近你的感觉；它与橙花香分开描述。"",""lineage"":""db/data/current/CLEANED_DESCRIPTOR_DISTRIBUTION.tsv|db/data/current/ONTOLOGY_CONSOLIDATION_V2.tsv|db/data/round3h/batch5/relationship_evidence_claims.tsv|packages/flavor-data/src/descriptors.ts""},{""conceptId"":""sensory.blueberry"",""text"":""可把“蓝莓”作为参照；如果你只感觉像某种莓果，也可以先保留宽泛说法。"",""lineage"":""db/data/current/CLEANED_DESCRIPTOR_DISTRIBUTION.tsv|db/data/current/ONTOLOGY_CONSOLIDATION_V2.tsv|db/data/round3h/batch5/relationship_evidence_claims.tsv|packages/flavor-data/src/descriptors.ts""},{""conceptId"":""sensory.rose"",""text"":""可试着用“玫瑰花香”描述这份花香，看看是否贴近你的感觉。"",""lineage"":""db/data/current/CLEANED_DESCRIPTOR_DISTRIBUTION.tsv|db/data/current/ONTOLOGY_CONSOLIDATION_V2.tsv|db/data/round3h/batch5/relationship_evidence_claims.tsv|packages/flavor-data/src/descriptors.ts""},{""conceptId"":""sensory.green_tea"",""text"":""可把“绿茶”作为参照；如果只感觉像茶，也可以先保留“茶感”。"",""lineage"":""db/data/current/CLEANED_DESCRIPTOR_DISTRIBUTION.tsv|db/data/current/ONTOLOGY_CONSOLIDATION_V2.tsv|db/data/round3h/batch5/relationship_evidence_claims.tsv|packages/flavor-data/src/descriptors.ts""}]}"	UNCALIBRATED_DETERMINISTIC_POLICY_OUTPUT_NOT_HUMAN_LABEL
PT004	partial_output	Fruit/citrus aliases occupy one redundancy group	false	ENGINE_POLICY_FIXTURE_NOT_USER_SESSION	"{""variant"":""A"",""c0"":null,""c1"":null,""answers"":[{""questionId"":""direction_A"",""optionIdsShown"":[""fruit"",""floral_tea"",""sweet_nut_cocoa"",""roast_spice_ferment""],""selectedOptionIds"":[""fruit""],""responseState"":""SELECTED""},{""questionId"":""fruit_region"",""optionIdsShown"":[""berry"",""citrus""],""selectedOptionIds"":[""citrus""],""responseState"":""SELECTED""}],""openSet"":false}"			"{""resultState"":""SUPPORTED_PARTIAL_OUTPUT"",""headline"":[""sensory.orange"",""sensory.blueberry""],""expandedMain"":[],""exploration"":[],""extraQuestionAppropriate"":false,""nextQuestion"":"""",""questionCount"":2,""explanations"":[{""conceptId"":""sensory.orange"",""text"":""可把“橙子”作为参照，看看是否贴近你的感觉；它与橙花香分开描述。"",""lineage"":""db/data/current/CLEANED_DESCRIPTOR_DISTRIBUTION.tsv|db/data/current/ONTOLOGY_CONSOLIDATION_V2.tsv|db/data/round3h/batch5/relationship_evidence_claims.tsv|packages/flavor-data/src/descriptors.ts""},{""conceptId"":""sensory.blueberry"",""text"":""可把“蓝莓”作为参照；如果你只感觉像某种莓果，也可以先保留宽泛说法。"",""lineage"":""db/data/current/CLEANED_DESCRIPTOR_DISTRIBUTION.tsv|db/data/current/ONTOLOGY_CONSOLIDATION_V2.tsv|db/data/round3h/batch5/relationship_evidence_claims.tsv|packages/flavor-data/src/descriptors.ts""}]}"	UNCALIBRATED_DETERMINISTIC_POLICY_OUTPUT_NOT_HUMAN_LABEL
PT005	partial_output	A single tea reference can produce fewer than three headlines	false	ENGINE_POLICY_FIXTURE_NOT_USER_SESSION	"{""variant"":""A"",""c0"":null,""c1"":null,""answers"":[{""questionId"":""direction_A"",""optionIdsShown"":[""fruit"",""floral_tea"",""sweet_nut_cocoa"",""roast_spice_ferment""],""selectedOptionIds"":[],""responseState"":""UNSURE""},{""questionId"":""floral_tea_reference"",""optionIdsShown"":[""citrus_blossom"",""rose_floral"",""tea"",""white_floral""],""selectedOptionIds"":[""tea""],""responseState"":""SELECTED""}],""openSet"":false}"			"{""resultState"":""SUPPORTED_PARTIAL_OUTPUT"",""headline"":[""sensory.green_tea""],""expandedMain"":[],""exploration"":[],""extraQuestionAppropriate"":false,""nextQuestion"":"""",""questionCount"":2,""explanations"":[{""conceptId"":""sensory.green_tea"",""text"":""可把“绿茶”作为参照；如果只感觉像茶，也可以先保留“茶感”。"",""lineage"":""db/data/current/CLEANED_DESCRIPTOR_DISTRIBUTION.tsv|db/data/current/ONTOLOGY_CONSOLIDATION_V2.tsv|db/data/round3h/batch5/relationship_evidence_claims.tsv|packages/flavor-data/src/descriptors.ts""}]}"	UNCALIBRATED_DETERMINISTIC_POLICY_OUTPUT_NOT_HUMAN_LABEL
PT006	exploration_only	Review-only relations cannot independently produce headlines	false	ENGINE_POLICY_FIXTURE_NOT_USER_SESSION	"{""variant"":""A"",""c0"":null,""c1"":null,""answers"":[{""questionId"":""direction_A"",""optionIdsShown"":[""fruit"",""floral_tea"",""sweet_nut_cocoa"",""roast_spice_ferment""],""selectedOptionIds"":[""fruit""],""responseState"":""SELECTED""}],""openSet"":false}"	"[{""baseScore"":5.640823,""directSupport"":0,""explanation"":""可试着用“茉莉花香”描述这份花香；不需要同时有水果香或酸味。"",""governedSupport"":0,""id"":""sensory.jasmine"",""label"":""茉莉花香"",""lineage"":""db/data/current/CLEANED_DESCRIPTOR_DISTRIBUTION.tsv|db/data/current/ONTOLOGY_CONSOLIDATION_V2.tsv|db/data/round3h/batch5/relationship_evidence_claims.tsv|packages/flavor-data/src/descriptors.ts"",""professionalLabel"":""Jasmine"",""questionLanguage"":""闻起来会让你想到茉莉花的香气吗？"",""redundancyGroup"":""white_floral"",""reviewOnly"":true,""rightsEligible"":true,""unresolved"":false,""wordingStatus"":""FORMATIVE_WORDING_NOT_USER_VALIDATED""},{""baseScore"":4.056629,""directSupport"":0,""explanation"":""可试着用“玫瑰花香”描述这份花香，看看是否贴近你的感觉。"",""governedSupport"":0,""id"":""sensory.rose"",""label"":""玫瑰花香"",""lineage"":""db/data/current/CLEANED_DESCRIPTOR_DISTRIBUTION.tsv|db/data/current/ONTOLOGY_CONSOLIDATION_V2.tsv|db/data/round3h/batch5/relationship_evidence_claims.tsv|packages/flavor-data/src/descriptors.ts"",""professionalLabel"":""Rose"",""questionLanguage"":""闻起来会让你想到玫瑰花的香气吗？"",""redundancyGroup"":""rose_floral"",""reviewOnly"":true,""rightsEligible"":true,""unresolved"":false,""wordingStatus"":""FORMATIVE_WORDING_NOT_USER_VALIDATED""},{""baseScore"":3.247088,""directSupport"":0,""explanation"":""“橙花香”可作为花香参照；它不表示橙子果肉的味道或酸味。"",""governedSupport"":0,""id"":""sensory.orange_blossom"",""label"":""橙花香"",""lineage"":""db/data/current/CLEANED_DESCRIPTOR_DISTRIBUTION.tsv|db/data/current/ONTOLOGY_CONSOLIDATION_V2.tsv|db/data/round3h/batch5/relationship_evidence_claims.tsv|packages/flavor-data/src/descriptors.ts"",""professionalLabel"":""Orange Blossom"",""questionLanguage"":""闻起来会让你想到橙树开花的香气吗？"",""redundancyGroup"":""citrus_blossom"",""reviewOnly"":true,""rightsEligible"":false,""unresolved"":false,""wordingStatus"":""FORMATIVE_WORDING_NOT_USER_VALIDATED""},{""baseScore"":5.115262,""directSupport"":0,""explanation"":""可把“柠檬”作为参照；有酸味并不一定就像柠檬。"",""governedSupport"":0,""id"":""sensory.lemon"",""label"":""柠檬般的风味"",""lineage"":""db/data/current/CLEANED_DESCRIPTOR_DISTRIBUTION.tsv|db/data/current/ONTOLOGY_CONSOLIDATION_V2.tsv|db/data/round3h/batch5/relationship_evidence_claims.tsv|packages/flavor-data/src/descriptors.ts"",""professionalLabel"":""Lemon"",""questionLanguage"":""闻起来或喝起来，有让你想到柠檬的地方吗？"",""redundancyGroup"":""citrus"",""reviewOnly"":true,""rightsEligible"":true,""unresolved"":false,""wordingStatus"":""FORMATIVE_WORDING_NOT_USER_VALIDATED""},{""baseScore"":5.501765,""directSupport"":0,""explanation"":""可把“橙子”作为参照，看看是否贴近你的感觉；它与橙花香分开描述。"",""governedSupport"":0,""id"":""sensory.orange"",""label"":""橙子般的风味"",""lineage"":""db/data/current/CLEANED_DESCRIPTOR_DISTRIBUTION.tsv|db/data/current/ONTOLOGY_CONSOLIDATION_V2.tsv|db/data/round3h/batch5/relationship_evidence_claims.tsv|packages/flavor-data/src/descriptors.ts"",""professionalLabel"":""Orange"",""questionLanguage"":""闻起来或喝起来，有让你想到橙子的地方吗？"",""redundancyGroup"":""citrus"",""reviewOnly"":true,""rightsEligible"":true,""unresolved"":false,""wordingStatus"":""FORMATIVE_WORDING_NOT_USER_VALIDATED""},{""baseScore"":5.031422,""directSupport"":0,""explanation"":""可把“蓝莓”作为参照；如果你只感觉像某种莓果，也可以先保留宽泛说法。"",""governedSupport"":0,""id"":""sensory.blueberry"",""label"":""蓝莓般的风味"",""lineage"":""db/data/current/CLEANED_DESCRIPTOR_DISTRIBUTION.tsv|db/data/current/ONTOLOGY_CONSOLIDATION_V2.tsv|db/data/round3h/batch5/relationship_evidence_claims.tsv|packages/flavor-data/src/descriptors.ts"",""professionalLabel"":""Blueberry"",""questionLanguage"":""闻起来或喝起来，有让你想到蓝莓的地方吗？"",""redundancyGroup"":""berry"",""reviewOnly"":true,""rightsEligible"":true,""unresolved"":false,""wordingStatus"":""FORMATIVE_WORDING_NOT_USER_VALIDATED""},{""baseScore"":5.912951,""directSupport"":0,""explanation"":""可把“蜂蜜香”作为参照；闻着甜不代表含糖量高，也不一定喝着甜。"",""governedSupport"":0,""id"":""sensory.honey"",""label"":""蜂蜜般的香气"",""lineage"":""db/data/current/CLEANED_DESCRIPTOR_DISTRIBUTION.tsv|db/data/current/ONTOLOGY_CONSOLIDATION_V2.tsv|db/data/round3h/batch5/relationship_evidence_claims.tsv|packages/flavor-data/src/descriptors.ts"",""professionalLabel"":""Honey"",""questionLanguage"":""闻起来会让你想到蜂蜜的香气吗？"",""redundancyGroup"":""honey"",""reviewOnly"":true,""rightsEligible"":true,""unresolved"":false,""wordingStatus"":""FORMATIVE_WORDING_NOT_USER_VALIDATED""},{""baseScore"":6.25,""directSupport"":0,""explanation"":""可把“焦糖香”作为参照；它不表示加了糖，也不等于烟熏味。"",""governedSupport"":0,""id"":""sensory.caramel"",""label"":""焦糖般的香气"",""lineage"":""db/data/current/CLEANED_DESCRIPTOR_DISTRIBUTION.tsv|db/data/current/ONTOLOGY_CONSOLIDATION_V2.tsv|db/data/round3h/batch5/relationship_evidence_claims.tsv|packages/flavor-data/src/descriptors.ts"",""professionalLabel"":""Caramel"",""questionLanguage"":""闻起来会让你想到焦糖的香气吗？"",""redundancyGroup"":""browned_sweet"",""reviewOnly"":true,""rightsEligible"":true,""unresolved"":false,""wordingStatus"":""FORMATIVE_WORDING_NOT_USER_VALIDATED""},{""baseScore"":5.01454,""directSupport"":0,""explanation"":""可把“红糖香”作为参照；闻着甜不等于喝着甜，也不能说明糖分多少。"",""governedSupport"":0,""id"":""sensory.brown_sugar"",""label"":""红糖般的香气"",""lineage"":""db/data/current/CLEANED_DESCRIPTOR_DISTRIBUTION.tsv|db/data/current/ONTOLOGY_CONSOLIDATION_V2.tsv|db/data/round3h/batch5/relationship_evidence_claims.tsv|packages/flavor-data/src/descriptors.ts"",""professionalLabel"":""Brown Sugar"",""questionLanguage"":""闻起来会让你想到红糖的香气吗？"",""redundancyGroup"":""browned_sweet"",""reviewOnly"":true,""rightsEligible"":false,""unresolved"":false,""wordingStatus"":""FORMATIVE_WORDING_NOT_USER_VALIDATED""},{""baseScore"":4.293865,""directSupport"":0,""explanation"":""可把“杏仁”作为参照，看看是否贴近你的感觉；这个名称不表示添加了杏仁。"",""governedSupport"":0,""id"":""sensory.almond"",""label"":""杏仁般的风味"",""lineage"":""db/data/current/CLEANED_DESCRIPTOR_DISTRIBUTION.tsv|db/data/current/ONTOLOGY_CONSOLIDATION_V2.tsv|db/data/round3h/batch5/relationship_evidence_claims.tsv|packages/flavor-data/src/descriptors.ts"",""professionalLabel"":""Almond"",""questionLanguage"":""闻起来或喝起来，有让你想到杏仁的地方吗？"",""redundancyGroup"":""tree_nut"",""reviewOnly"":true,""rightsEligible"":true,""unresolved"":false,""wordingStatus"":""FORMATIVE_WORDING_NOT_USER_VALIDATED""},{""baseScore"":4.06999,""directSupport"":0,""explanation"":""可把“榛子”作为参照，看看是否贴近你的感觉；也可以先记作坚果般的风味。"",""governedSupport"":0,""id"":""sensory.hazelnut"",""label"":""榛子般的风味"",""lineage"":""db/data/current/CLEANED_DESCRIPTOR_DISTRIBUTION.tsv|db/data/current/ONTOLOGY_CONSOLIDATION_V2.tsv|db/data/round3h/batch5/relationship_evidence_claims.tsv|packages/flavor-data/src/descriptors.ts"",""professionalLabel"":""Hazelnut"",""questionLanguage"":""闻起来或喝起来，有让你想到榛子的地方吗？"",""redundancyGroup"":""tree_nut"",""reviewOnly"":true,""rightsEligible"":true,""unresolved"":false,""wordingStatus"":""FORMATIVE_WORDING_NOT_USER_VALIDATED""},{""baseScore"":5.877524,""directSupport"":0,""explanation"":""可把“黑巧克力”作为参照；只有苦味，还不足以描述这种联想。"",""governedSupport"":0,""id"":""sensory.dark_chocolate"",""label"":""黑巧克力般的风味"",""lineage"":""db/data/current/CLEANED_DESCRIPTOR_DISTRIBUTION.tsv|db/data/current/ONTOLOGY_CONSOLIDATION_V2.tsv|db/data/round3h/batch5/relationship_evidence_claims.tsv|packages/flavor-data/src/descriptors.ts"",""professionalLabel"":""Dark Chocolate"",""questionLanguage"":""喝起来有没有让你想到黑巧克力的地方？"",""redundancyGroup"":""cocoa"",""reviewOnly"":true,""rightsEligible"":true,""unresolved"":false,""wordingStatus"":""FORMATIVE_WORDING_NOT_USER_VALIDATED""},{""baseScore"":4.34271,""directSupport"":0,""explanation"":""可把“肉桂香”作为参照，看看是否贴近你的感觉。"",""governedSupport"":0,""id"":""sensory.cinnamon"",""label"":""肉桂般的香气"",""lineage"":""db/data/current/CLEANED_DESCRIPTOR_DISTRIBUTION.tsv|db/data/current/ONTOLOGY_CONSOLIDATION_V2.tsv|db/data/round3h/batch5/relationship_evidence_claims.tsv|packages/flavor-data/src/descriptors.ts"",""professionalLabel"":""Cinnamon"",""questionLanguage"":""闻起来会让你想到肉桂的香气吗？"",""redundancyGroup"":""warming_spice"",""reviewOnly"":true,""rightsEligible"":true,""unresolved"":false,""wordingStatus"":""FORMATIVE_WORDING_NOT_USER_VALIDATED""},{""baseScore"":3.853738,""directSupport"":0,""explanation"":""可把“烟草”作为气味参照；它与烟熏感分开描述。"",""governedSupport"":0,""id"":""sensory.tobacco"",""label"":""烟草般的气味"",""lineage"":""db/data/current/CLEANED_DESCRIPTOR_DISTRIBUTION.tsv|db/data/current/ONTOLOGY_CONSOLIDATION_V2.tsv|db/data/round3h/batch5/relationship_evidence_claims.tsv|packages/flavor-data/src/descriptors.ts"",""professionalLabel"":""Tobacco"",""questionLanguage"":""闻起来会让你想到烟草叶的气味吗？"",""redundancyGroup"":""wood_tobacco"",""reviewOnly"":true,""rightsEligible"":true,""unresolved"":false,""wordingStatus"":""FORMATIVE_WORDING_NOT_USER_VALIDATED""},{""baseScore"":2.238862,""directSupport"":0,""explanation"":""可试着用“烟熏感”描述这份气味；它本身不能说明烘焙深浅或制作方式。"",""governedSupport"":0,""id"":""sensory.smoky"",""label"":""烟熏感"",""lineage"":""db/data/current/CLEANED_DESCRIPTOR_DISTRIBUTION.tsv|db/data/current/ONTOLOGY_CONSOLIDATION_V2.tsv|db/data/round3h/batch5/relationship_evidence_claims.tsv|packages/flavor-data/src/descriptors.ts"",""professionalLabel"":""Smoky"",""questionLanguage"":""闻起来有没有像烟熏过的气味？"",""redundancyGroup"":""smoke"",""reviewOnly"":true,""rightsEligible"":true,""unresolved"":false,""wordingStatus"":""FORMATIVE_WORDING_NOT_USER_VALIDATED""},{""baseScore"":3.941377,""directSupport"":0,""explanation"":""可把“绿茶”作为参照；如果只感觉像茶，也可以先保留“茶感”。"",""governedSupport"":0,""id"":""sensory.green_tea"",""label"":""绿茶般的风味"",""lineage"":""db/data/current/CLEANED_DESCRIPTOR_DISTRIBUTION.tsv|db/data/current/ONTOLOGY_CONSOLIDATION_V2.tsv|db/data/round3h/batch5/relationship_evidence_claims.tsv|packages/flavor-data/src/descriptors.ts"",""professionalLabel"":""Green Tea"",""questionLanguage"":""闻起来或喝起来，有让你想到绿茶的地方吗？"",""redundancyGroup"":""tea"",""reviewOnly"":true,""rightsEligible"":true,""unresolved"":false,""wordingStatus"":""FORMATIVE_WORDING_NOT_USER_VALIDATED""},{""baseScore"":3.620214,""directSupport"":0,""explanation"":""可把“雪松”作为气味参照；如果不熟悉这种木头，也可以先记下自己的联想。"",""governedSupport"":0,""id"":""sensory.cedar"",""label"":""雪松般的气味"",""lineage"":""db/data/current/CLEANED_DESCRIPTOR_DISTRIBUTION.tsv|db/data/current/ONTOLOGY_CONSOLIDATION_V2.tsv|db/data/round3h/batch5/relationship_evidence_claims.tsv|packages/flavor-data/src/descriptors.ts"",""professionalLabel"":""Cedar"",""questionLanguage"":""闻起来会让你想到雪松木的气味吗？"",""redundancyGroup"":""wood_tobacco"",""reviewOnly"":true,""rightsEligible"":false,""unresolved"":false,""wordingStatus"":""FORMATIVE_WORDING_NOT_USER_VALIDATED""},{""baseScore"":1.823278,""directSupport"":0,""explanation"":""可试着用“土壤感”描述泥土般的气味；它本身不能判断咖啡是否变质。"",""governedSupport"":0,""id"":""sensory.earthy"",""label"":""土壤感"",""lineage"":""db/data/current/CLEANED_DESCRIPTOR_DISTRIBUTION.tsv|db/data/current/ONTOLOGY_CONSOLIDATION_V2.tsv|db/data/round3h/batch5/relationship_evidence_claims.tsv|packages/flavor-data/src/descriptors.ts"",""professionalLabel"":""Earthy"",""questionLanguage"":""闻起来会让你想到泥土的气味吗？"",""redundancyGroup"":""earth"",""reviewOnly"":true,""rightsEligible"":true,""unresolved"":false,""wordingStatus"":""FORMATIVE_WORDING_NOT_USER_VALIDATED""},{""baseScore"":1.769431,""directSupport"":0,""explanation"":""可试着用“发酵感”描述这份气味；这不能说明咖啡采用了哪种发酵工艺。"",""governedSupport"":0,""id"":""sensory.fermented_character"",""label"":""发酵感"",""lineage"":""db/data/current/CLEANED_DESCRIPTOR_DISTRIBUTION.tsv|db/data/current/ONTOLOGY_CONSOLIDATION_V2.tsv|db/data/round3h/batch5/relationship_evidence_claims.tsv|packages/flavor-data/src/descriptors.ts"",""professionalLabel"":""Fermented"",""questionLanguage"":""闻起来会让你想到发酵食物的气味吗？"",""redundancyGroup"":""fermented"",""reviewOnly"":true,""rightsEligible"":false,""unresolved"":false,""wordingStatus"":""FORMATIVE_WORDING_NOT_USER_VALIDATED""},{""baseScore"":4.247693,""directSupport"":0,""explanation"":""可把“葡萄酒感”作为参照；它不表示含有酒精，也不能说明咖啡的处理工艺。"",""governedSupport"":0,""id"":""sensory.wine_like_character"",""label"":""葡萄酒般的风味"",""lineage"":""db/data/current/CLEANED_DESCRIPTOR_DISTRIBUTION.tsv|db/data/current/ONTOLOGY_CONSOLIDATION_V2.tsv|db/data/round3h/batch5/relationship_evidence_claims.tsv|packages/flavor-data/src/descriptors.ts"",""professionalLabel"":""Winey"",""questionLanguage"":""闻起来或喝起来，有让你想到葡萄酒的地方吗？"",""redundancyGroup"":""winey"",""reviewOnly"":true,""rightsEligible"":true,""unresolved"":false,""wordingStatus"":""FORMATIVE_WORDING_NOT_USER_VALIDATED""}]"		"{""resultState"":""EXPLORATION_ONLY"",""headline"":[],""expandedMain"":[],""exploration"":[""sensory.orange"",""sensory.blueberry""],""extraQuestionAppropriate"":false,""nextQuestion"":""acidity_character"",""questionCount"":1,""explanations"":[{""conceptId"":""sensory.orange"",""text"":""可把“橙子”作为参照，看看是否贴近你的感觉；它与橙花香分开描述。"",""lineage"":""db/data/current/CLEANED_DESCRIPTOR_DISTRIBUTION.tsv|db/data/current/ONTOLOGY_CONSOLIDATION_V2.tsv|db/data/round3h/batch5/relationship_evidence_claims.tsv|packages/flavor-data/src/descriptors.ts""},{""conceptId"":""sensory.blueberry"",""text"":""可把“蓝莓”作为参照；如果你只感觉像某种莓果，也可以先保留宽泛说法。"",""lineage"":""db/data/current/CLEANED_DESCRIPTOR_DISTRIBUTION.tsv|db/data/current/ONTOLOGY_CONSOLIDATION_V2.tsv|db/data/round3h/batch5/relationship_evidence_claims.tsv|packages/flavor-data/src/descriptors.ts""}]}"	UNCALIBRATED_DETERMINISTIC_POLICY_OUTPUT_NOT_HUMAN_LABEL
PT007	low_information	Four unsure answers preserve neutral scores and empty output	true	PARTICIPANT_FLOW_FIXTURE	"{""variant"":""A"",""c0"":null,""c1"":null,""answers"":[{""questionId"":""direction_A"",""optionIdsShown"":[""fruit"",""floral_tea"",""sweet_nut_cocoa"",""roast_spice_ferment""],""selectedOptionIds"":[],""responseState"":""UNSURE""},{""questionId"":""floral_tea_reference"",""optionIdsShown"":[""citrus_blossom"",""rose_floral"",""tea"",""white_floral""],""selectedOptionIds"":[],""responseState"":""UNSURE""},{""questionId"":""roast_smoke_reference"",""optionIdsShown"":[""smoke"",""warming_spice"",""wood_tobacco""],""selectedOptionIds"":[],""responseState"":""UNSURE""},{""questionId"":""browned_sweet_reference"",""optionIdsShown"":[""brown_sugar"",""caramel_honey"",""dark_chocolate"",""nuts""],""selectedOptionIds"":[],""responseState"":""UNSURE""}],""openSet"":false}"			"{""resultState"":""ABSTAINED_INSUFFICIENT_EVIDENCE"",""headline"":[],""expandedMain"":[],""exploration"":[],""extraQuestionAppropriate"":true,""nextQuestion"":""fermentation_character"",""questionCount"":4,""explanations"":[]}"	UNCALIBRATED_DETERMINISTIC_POLICY_OUTPUT_NOT_HUMAN_LABEL
PT008	extra_question	An unused separating fifth question may be offered after four neutral answers	true	PARTICIPANT_FLOW_FIXTURE	"{""variant"":""A"",""c0"":null,""c1"":null,""answers"":[{""questionId"":""direction_A"",""optionIdsShown"":[""fruit"",""floral_tea"",""sweet_nut_cocoa"",""roast_spice_ferment""],""selectedOptionIds"":[],""responseState"":""UNSURE""},{""questionId"":""floral_tea_reference"",""optionIdsShown"":[""citrus_blossom"",""rose_floral"",""tea"",""white_floral""],""selectedOptionIds"":[],""responseState"":""UNSURE""},{""questionId"":""roast_smoke_reference"",""optionIdsShown"":[""smoke"",""warming_spice"",""wood_tobacco""],""selectedOptionIds"":[],""responseState"":""UNSURE""},{""questionId"":""browned_sweet_reference"",""optionIdsShown"":[""brown_sugar"",""caramel_honey"",""dark_chocolate"",""nuts""],""selectedOptionIds"":[],""responseState"":""UNSURE""}],""openSet"":false}"			"{""resultState"":""ABSTAINED_INSUFFICIENT_EVIDENCE"",""headline"":[],""expandedMain"":[],""exploration"":[],""extraQuestionAppropriate"":true,""nextQuestion"":""fermentation_character"",""questionCount"":4,""explanations"":[]}"	UNCALIBRATED_DETERMINISTIC_POLICY_OUTPUT_NOT_HUMAN_LABEL
PT009	extra_question_accepted	Explicit recovery acceptance permits exactly one additional question	true	PARTICIPANT_FLOW_FIXTURE	"{""variant"":""A"",""c0"":null,""c1"":null,""answers"":[{""questionId"":""direction_A"",""optionIdsShown"":[""fruit"",""floral_tea"",""sweet_nut_cocoa"",""roast_spice_ferment""],""selectedOptionIds"":[],""responseState"":""UNSURE""},{""questionId"":""floral_tea_reference"",""optionIdsShown"":[""citrus_blossom"",""rose_floral"",""tea"",""white_floral""],""selectedOptionIds"":[],""responseState"":""UNSURE""},{""questionId"":""roast_smoke_reference"",""optionIdsShown"":[""smoke"",""warming_spice"",""wood_tobacco""],""selectedOptionIds"":[],""responseState"":""UNSURE""},{""questionId"":""browned_sweet_reference"",""optionIdsShown"":[""brown_sugar"",""caramel_honey"",""dark_chocolate"",""nuts""],""selectedOptionIds"":[],""responseState"":""UNSURE""},{""questionId"":""fermentation_character"",""optionIdsShown"":[""earthy"",""fermented"",""winey""],""selectedOptionIds"":[""earthy""],""responseState"":""SELECTED""}],""openSet"":false}"			"{""resultState"":""SUPPORTED_PARTIAL_OUTPUT"",""headline"":[""sensory.earthy""],""expandedMain"":[],""exploration"":[],""extraQuestionAppropriate"":false,""nextQuestion"":"""",""questionCount"":5,""explanations"":[{""conceptId"":""sensory.earthy"",""text"":""可试着用“土壤感”描述泥土般的气味；它本身不能判断咖啡是否变质。"",""lineage"":""db/data/current/CLEANED_DESCRIPTOR_DISTRIBUTION.tsv|db/data/current/ONTOLOGY_CONSOLIDATION_V2.tsv|db/data/round3h/batch5/relationship_evidence_claims.tsv|packages/flavor-data/src/descriptors.ts""}]}"	UNCALIBRATED_DETERMINISTIC_POLICY_OUTPUT_NOT_HUMAN_LABEL
PT010	open_set	An explicit outside-vocabulary flag withholds claims and further recovery	false	ENGINE_POLICY_FIXTURE_NOT_USER_SESSION	"{""variant"":""A"",""c0"":null,""c1"":null,""answers"":[{""questionId"":""direction_A"",""optionIdsShown"":[""fruit"",""floral_tea"",""sweet_nut_cocoa"",""roast_spice_ferment""],""selectedOptionIds"":[""fruit""],""responseState"":""SELECTED""}],""openSet"":true}"			"{""resultState"":""ABSTAINED_OPEN_SET"",""headline"":[],""expandedMain"":[],""exploration"":[],""extraQuestionAppropriate"":false,""nextQuestion"":"""",""questionCount"":1,""explanations"":[]}"	UNCALIBRATED_DETERMINISTIC_POLICY_OUTPUT_NOT_HUMAN_LABEL
PT011	conflicting_answer	The later closed-none answer disputes every currently supported fruit reference	false	ENGINE_POLICY_FIXTURE_NOT_USER_SESSION	"{""variant"":""A"",""c0"":null,""c1"":null,""answers"":[{""questionId"":""direction_A"",""optionIdsShown"":[""fruit"",""floral_tea"",""sweet_nut_cocoa"",""roast_spice_ferment""],""selectedOptionIds"":[""fruit""],""responseState"":""SELECTED""},{""questionId"":""fruit_region"",""optionIdsShown"":[""berry"",""citrus""],""selectedOptionIds"":[],""responseState"":""NONE_OF_THESE""}],""openSet"":false}"			"{""resultState"":""ABSTAINED_CONFLICT"",""headline"":[],""expandedMain"":[],""exploration"":[],""extraQuestionAppropriate"":false,""nextQuestion"":"""",""questionCount"":2,""explanations"":[]}"	UNCALIBRATED_DETERMINISTIC_POLICY_OUTPUT_NOT_HUMAN_LABEL
PT012	unsure	Mandatory Q1 has a typed unsure response without sensory adjustment	true	PARTICIPANT_FLOW_FIXTURE	"{""variant"":""A"",""c0"":null,""c1"":null,""answers"":[{""questionId"":""direction_A"",""optionIdsShown"":[""fruit"",""floral_tea"",""sweet_nut_cocoa"",""roast_spice_ferment""],""selectedOptionIds"":[],""responseState"":""UNSURE""}],""openSet"":false}"			"{""resultState"":""ABSTAINED_INSUFFICIENT_EVIDENCE"",""headline"":[],""expandedMain"":[],""exploration"":[],""extraQuestionAppropriate"":false,""nextQuestion"":""floral_tea_reference"",""questionCount"":1,""explanations"":[]}"	UNCALIBRATED_DETERMINISTIC_POLICY_OUTPUT_NOT_HUMAN_LABEL
PT013	unsure_after_support	Unsure does not erase earlier positive support	false	ENGINE_POLICY_FIXTURE_NOT_USER_SESSION	"{""variant"":""A"",""c0"":null,""c1"":null,""answers"":[{""questionId"":""direction_A"",""optionIdsShown"":[""fruit"",""floral_tea"",""sweet_nut_cocoa"",""roast_spice_ferment""],""selectedOptionIds"":[""fruit""],""responseState"":""SELECTED""},{""questionId"":""fruit_region"",""optionIdsShown"":[""berry"",""citrus""],""selectedOptionIds"":[],""responseState"":""UNSURE""}],""openSet"":false}"			"{""resultState"":""SUPPORTED_PARTIAL_OUTPUT"",""headline"":[""sensory.orange"",""sensory.blueberry""],""expandedMain"":[],""exploration"":[],""extraQuestionAppropriate"":false,""nextQuestion"":"""",""questionCount"":2,""explanations"":[{""conceptId"":""sensory.orange"",""text"":""可把“橙子”作为参照，看看是否贴近你的感觉；它与橙花香分开描述。"",""lineage"":""db/data/current/CLEANED_DESCRIPTOR_DISTRIBUTION.tsv|db/data/current/ONTOLOGY_CONSOLIDATION_V2.tsv|db/data/round3h/batch5/relationship_evidence_claims.tsv|packages/flavor-data/src/descriptors.ts""},{""conceptId"":""sensory.blueberry"",""text"":""可把“蓝莓”作为参照；如果你只感觉像某种莓果，也可以先保留宽泛说法。"",""lineage"":""db/data/current/CLEANED_DESCRIPTOR_DISTRIBUTION.tsv|db/data/current/ONTOLOGY_CONSOLIDATION_V2.tsv|db/data/round3h/batch5/relationship_evidence_claims.tsv|packages/flavor-data/src/descriptors.ts""}]}"	UNCALIBRATED_DETERMINISTIC_POLICY_OUTPUT_NOT_HUMAN_LABEL
PT014	none_of_these	A closed fruit list weakly affects only displayed fruit concepts	false	ENGINE_POLICY_FIXTURE_NOT_USER_SESSION	"{""variant"":""A"",""c0"":null,""c1"":null,""answers"":[{""questionId"":""direction_A"",""optionIdsShown"":[""fruit"",""floral_tea"",""sweet_nut_cocoa"",""roast_spice_ferment""],""selectedOptionIds"":[""fruit"",""floral_tea""],""responseState"":""SELECTED""},{""questionId"":""fruit_region"",""optionIdsShown"":[""berry"",""citrus""],""selectedOptionIds"":[],""responseState"":""NONE_OF_THESE""}],""openSet"":false}"			"{""resultState"":""SUPPORTED_PARTIAL_OUTPUT"",""headline"":[""sensory.jasmine"",""sensory.rose"",""sensory.green_tea""],""expandedMain"":[],""exploration"":[],""extraQuestionAppropriate"":false,""nextQuestion"":"""",""questionCount"":2,""explanations"":[{""conceptId"":""sensory.jasmine"",""text"":""可试着用“茉莉花香”描述这份花香；不需要同时有水果香或酸味。"",""lineage"":""db/data/current/CLEANED_DESCRIPTOR_DISTRIBUTION.tsv|db/data/current/ONTOLOGY_CONSOLIDATION_V2.tsv|db/data/round3h/batch5/relationship_evidence_claims.tsv|packages/flavor-data/src/descriptors.ts""},{""conceptId"":""sensory.rose"",""text"":""可试着用“玫瑰花香”描述这份花香，看看是否贴近你的感觉。"",""lineage"":""db/data/current/CLEANED_DESCRIPTOR_DISTRIBUTION.tsv|db/data/current/ONTOLOGY_CONSOLIDATION_V2.tsv|db/data/round3h/batch5/relationship_evidence_claims.tsv|packages/flavor-data/src/descriptors.ts""},{""conceptId"":""sensory.green_tea"",""text"":""可把“绿茶”作为参照；如果只感觉像茶，也可以先保留“茶感”。"",""lineage"":""db/data/current/CLEANED_DESCRIPTOR_DISTRIBUTION.tsv|db/data/current/ONTOLOGY_CONSOLIDATION_V2.tsv|db/data/round3h/batch5/relationship_evidence_claims.tsv|packages/flavor-data/src/descriptors.ts""}]}"	UNCALIBRATED_DETERMINISTIC_POLICY_OUTPUT_NOT_HUMAN_LABEL
PT015	skip	Skip is explicitly stored and leaves earlier scores unchanged	false	ENGINE_POLICY_FIXTURE_NOT_USER_SESSION	"{""variant"":""A"",""c0"":null,""c1"":null,""answers"":[{""questionId"":""direction_A"",""optionIdsShown"":[""fruit"",""floral_tea"",""sweet_nut_cocoa"",""roast_spice_ferment""],""selectedOptionIds"":[""fruit""],""responseState"":""SELECTED""},{""questionId"":""fruit_region"",""optionIdsShown"":[""berry"",""citrus""],""selectedOptionIds"":[],""responseState"":""SKIP""}],""openSet"":false}"			"{""resultState"":""SUPPORTED_PARTIAL_OUTPUT"",""headline"":[""sensory.orange"",""sensory.blueberry""],""expandedMain"":[],""exploration"":[],""extraQuestionAppropriate"":false,""nextQuestion"":"""",""questionCount"":2,""explanations"":[{""conceptId"":""sensory.orange"",""text"":""可把“橙子”作为参照，看看是否贴近你的感觉；它与橙花香分开描述。"",""lineage"":""db/data/current/CLEANED_DESCRIPTOR_DISTRIBUTION.tsv|db/data/current/ONTOLOGY_CONSOLIDATION_V2.tsv|db/data/round3h/batch5/relationship_evidence_claims.tsv|packages/flavor-data/src/descriptors.ts""},{""conceptId"":""sensory.blueberry"",""text"":""可把“蓝莓”作为参照；如果你只感觉像某种莓果，也可以先保留宽泛说法。"",""lineage"":""db/data/current/CLEANED_DESCRIPTOR_DISTRIBUTION.tsv|db/data/current/ONTOLOGY_CONSOLIDATION_V2.tsv|db/data/round3h/batch5/relationship_evidence_claims.tsv|packages/flavor-data/src/descriptors.ts""}]}"	UNCALIBRATED_DETERMINISTIC_POLICY_OUTPUT_NOT_HUMAN_LABEL
PT016	skip_low_information	Four skip responses remain distinguishable from unsure	true	PARTICIPANT_FLOW_FIXTURE	"{""variant"":""A"",""c0"":null,""c1"":null,""answers"":[{""questionId"":""direction_A"",""optionIdsShown"":[""fruit"",""floral_tea"",""sweet_nut_cocoa"",""roast_spice_ferment""],""selectedOptionIds"":[],""responseState"":""SKIP""},{""questionId"":""floral_tea_reference"",""optionIdsShown"":[""citrus_blossom"",""rose_floral"",""tea"",""white_floral""],""selectedOptionIds"":[],""responseState"":""SKIP""},{""questionId"":""roast_smoke_reference"",""optionIdsShown"":[""smoke"",""warming_spice"",""wood_tobacco""],""selectedOptionIds"":[],""responseState"":""SKIP""},{""questionId"":""browned_sweet_reference"",""optionIdsShown"":[""brown_sugar"",""caramel_honey"",""dark_chocolate"",""nuts""],""selectedOptionIds"":[],""responseState"":""SKIP""}],""openSet"":false}"			"{""resultState"":""ABSTAINED_INSUFFICIENT_EVIDENCE"",""headline"":[],""expandedMain"":[],""exploration"":[],""extraQuestionAppropriate"":true,""nextQuestion"":""fermentation_character"",""questionCount"":4,""explanations"":[]}"	UNCALIBRATED_DETERMINISTIC_POLICY_OUTPUT_NOT_HUMAN_LABEL
PT017	c0_weak_prior_override	Explicit sweet support survives a weak negative C0 adjustment	true	PARTICIPANT_FLOW_FIXTURE	"{""variant"":""A"",""c0"":""preparation.family.filter_percolation"",""c1"":""medium"",""answers"":[{""questionId"":""direction_A"",""optionIdsShown"":[""fruit"",""floral_tea"",""sweet_nut_cocoa"",""roast_spice_ferment""],""selectedOptionIds"":[""sweet_nut_cocoa""],""responseState"":""SELECTED""}],""openSet"":false}"			"{""resultState"":""SUPPORTED_PARTIAL_OUTPUT"",""headline"":[""sensory.caramel"",""sensory.dark_chocolate"",""sensory.honey""],""expandedMain"":[""sensory.almond""],""exploration"":[],""extraQuestionAppropriate"":false,""nextQuestion"":""browned_sweet_reference"",""questionCount"":1,""explanations"":[{""conceptId"":""sensory.caramel"",""text"":""可把“焦糖香”作为参照；它不表示加了糖，也不等于烟熏味。"",""lineage"":""db/data/current/CLEANED_DESCRIPTOR_DISTRIBUTION.tsv|db/data/current/ONTOLOGY_CONSOLIDATION_V2.tsv|db/data/round3h/batch5/relationship_evidence_claims.tsv|packages/flavor-data/src/descriptors.ts""},{""conceptId"":""sensory.dark_chocolate"",""text"":""可把“黑巧克力”作为参照；只有苦味，还不足以描述这种联想。"",""lineage"":""db/data/current/CLEANED_DESCRIPTOR_DISTRIBUTION.tsv|db/data/current/ONTOLOGY_CONSOLIDATION_V2.tsv|db/data/round3h/batch5/relationship_evidence_claims.tsv|packages/flavor-data/src/descriptors.ts""},{""conceptId"":""sensory.honey"",""text"":""可把“蜂蜜香”作为参照；闻着甜不代表含糖量高，也不一定喝着甜。"",""lineage"":""db/data/current/CLEANED_DESCRIPTOR_DISTRIBUTION.tsv|db/data/current/ONTOLOGY_CONSOLIDATION_V2.tsv|db/data/round3h/batch5/relationship_evidence_claims.tsv|packages/flavor-data/src/descriptors.ts""},{""conceptId"":""sensory.almond"",""text"":""可把“杏仁”作为参照，看看是否贴近你的感觉；这个名称不表示添加了杏仁。"",""lineage"":""db/data/current/CLEANED_DESCRIPTOR_DISTRIBUTION.tsv|db/data/current/ONTOLOGY_CONSOLIDATION_V2.tsv|db/data/round3h/batch5/relationship_evidence_claims.tsv|packages/flavor-data/src/descriptors.ts""}]}"	UNCALIBRATED_DETERMINISTIC_POLICY_OUTPUT_NOT_HUMAN_LABEL
PT018	c0_missing	Missing C0 remains a neutral policy fixture	false	ENGINE_POLICY_FIXTURE_NOT_USER_SESSION	"{""variant"":""A"",""c0"":null,""c1"":null,""answers"":[{""questionId"":""direction_A"",""optionIdsShown"":[""fruit"",""floral_tea"",""sweet_nut_cocoa"",""roast_spice_ferment""],""selectedOptionIds"":[""fruit""],""responseState"":""SELECTED""}],""openSet"":false}"			"{""resultState"":""SUPPORTED_PARTIAL_OUTPUT"",""headline"":[""sensory.orange"",""sensory.blueberry""],""expandedMain"":[],""exploration"":[],""extraQuestionAppropriate"":false,""nextQuestion"":""acidity_character"",""questionCount"":1,""explanations"":[{""conceptId"":""sensory.orange"",""text"":""可把“橙子”作为参照，看看是否贴近你的感觉；它与橙花香分开描述。"",""lineage"":""db/data/current/CLEANED_DESCRIPTOR_DISTRIBUTION.tsv|db/data/current/ONTOLOGY_CONSOLIDATION_V2.tsv|db/data/round3h/batch5/relationship_evidence_claims.tsv|packages/flavor-data/src/descriptors.ts""},{""conceptId"":""sensory.blueberry"",""text"":""可把“蓝莓”作为参照；如果你只感觉像某种莓果，也可以先保留宽泛说法。"",""lineage"":""db/data/current/CLEANED_DESCRIPTOR_DISTRIBUTION.tsv|db/data/current/ONTOLOGY_CONSOLIDATION_V2.tsv|db/data/round3h/batch5/relationship_evidence_claims.tsv|packages/flavor-data/src/descriptors.ts""}]}"	UNCALIBRATED_DETERMINISTIC_POLICY_OUTPUT_NOT_HUMAN_LABEL
PT019	c1_neutral	A very light roast adds no roast evidence	false	ENGINE_POLICY_FIXTURE_NOT_USER_SESSION	"{""variant"":""A"",""c0"":null,""c1"":""extremely_light"",""answers"":[{""questionId"":""direction_A"",""optionIdsShown"":[""fruit"",""floral_tea"",""sweet_nut_cocoa"",""roast_spice_ferment""],""selectedOptionIds"":[""fruit""],""responseState"":""SELECTED""}],""openSet"":false}"			"{""resultState"":""SUPPORTED_PARTIAL_OUTPUT"",""headline"":[""sensory.orange"",""sensory.blueberry""],""expandedMain"":[],""exploration"":[],""extraQuestionAppropriate"":false,""nextQuestion"":""acidity_character"",""questionCount"":1,""explanations"":[{""conceptId"":""sensory.orange"",""text"":""可把“橙子”作为参照，看看是否贴近你的感觉；它与橙花香分开描述。"",""lineage"":""db/data/current/CLEANED_DESCRIPTOR_DISTRIBUTION.tsv|db/data/current/ONTOLOGY_CONSOLIDATION_V2.tsv|db/data/round3h/batch5/relationship_evidence_claims.tsv|packages/flavor-data/src/descriptors.ts""},{""conceptId"":""sensory.blueberry"",""text"":""可把“蓝莓”作为参照；如果你只感觉像某种莓果，也可以先保留宽泛说法。"",""lineage"":""db/data/current/CLEANED_DESCRIPTOR_DISTRIBUTION.tsv|db/data/current/ONTOLOGY_CONSOLIDATION_V2.tsv|db/data/round3h/batch5/relationship_evidence_claims.tsv|packages/flavor-data/src/descriptors.ts""}]}"	UNCALIBRATED_DETERMINISTIC_POLICY_OUTPUT_NOT_HUMAN_LABEL
PT020	c1_neutral	A very dark roast cannot be reverse-inferred from flavor	false	ENGINE_POLICY_FIXTURE_NOT_USER_SESSION	"{""variant"":""A"",""c0"":null,""c1"":""extremely_dark"",""answers"":[{""questionId"":""direction_A"",""optionIdsShown"":[""fruit"",""floral_tea"",""sweet_nut_cocoa"",""roast_spice_ferment""],""selectedOptionIds"":[""fruit""],""responseState"":""SELECTED""}],""openSet"":false}"			"{""resultState"":""SUPPORTED_PARTIAL_OUTPUT"",""headline"":[""sensory.orange"",""sensory.blueberry""],""expandedMain"":[],""exploration"":[],""extraQuestionAppropriate"":false,""nextQuestion"":""acidity_character"",""questionCount"":1,""explanations"":[{""conceptId"":""sensory.orange"",""text"":""可把“橙子”作为参照，看看是否贴近你的感觉；它与橙花香分开描述。"",""lineage"":""db/data/current/CLEANED_DESCRIPTOR_DISTRIBUTION.tsv|db/data/current/ONTOLOGY_CONSOLIDATION_V2.tsv|db/data/round3h/batch5/relationship_evidence_claims.tsv|packages/flavor-data/src/descriptors.ts""},{""conceptId"":""sensory.blueberry"",""text"":""可把“蓝莓”作为参照；如果你只感觉像某种莓果，也可以先保留宽泛说法。"",""lineage"":""db/data/current/CLEANED_DESCRIPTOR_DISTRIBUTION.tsv|db/data/current/ONTOLOGY_CONSOLIDATION_V2.tsv|db/data/round3h/batch5/relationship_evidence_claims.tsv|packages/flavor-data/src/descriptors.ts""}]}"	UNCALIBRATED_DETERMINISTIC_POLICY_OUTPUT_NOT_HUMAN_LABEL
PT021	c1_unsure	Roast unsure is null and never an eighth level	false	ENGINE_POLICY_FIXTURE_NOT_USER_SESSION	"{""variant"":""A"",""c0"":""preparation.family.filter_percolation"",""c1"":null,""answers"":[{""questionId"":""direction_A"",""optionIdsShown"":[""fruit"",""floral_tea"",""sweet_nut_cocoa"",""roast_spice_ferment""],""selectedOptionIds"":[""fruit""],""responseState"":""SELECTED""}],""openSet"":false}"			"{""resultState"":""SUPPORTED_PARTIAL_OUTPUT"",""headline"":[""sensory.orange"",""sensory.blueberry""],""expandedMain"":[],""exploration"":[],""extraQuestionAppropriate"":false,""nextQuestion"":""acidity_character"",""questionCount"":1,""explanations"":[{""conceptId"":""sensory.orange"",""text"":""可把“橙子”作为参照，看看是否贴近你的感觉；它与橙花香分开描述。"",""lineage"":""db/data/current/CLEANED_DESCRIPTOR_DISTRIBUTION.tsv|db/data/current/ONTOLOGY_CONSOLIDATION_V2.tsv|db/data/round3h/batch5/relationship_evidence_claims.tsv|packages/flavor-data/src/descriptors.ts""},{""conceptId"":""sensory.blueberry"",""text"":""可把“蓝莓”作为参照；如果你只感觉像某种莓果，也可以先保留宽泛说法。"",""lineage"":""db/data/current/CLEANED_DESCRIPTOR_DISTRIBUTION.tsv|db/data/current/ONTOLOGY_CONSOLIDATION_V2.tsv|db/data/round3h/batch5/relationship_evidence_claims.tsv|packages/flavor-data/src/descriptors.ts""}]}"	UNCALIBRATED_DETERMINISTIC_POLICY_OUTPUT_NOT_HUMAN_LABEL
PT022	redundancy	Selecting both fruit examples does not duplicate aliases or citrus concepts	false	ENGINE_POLICY_FIXTURE_NOT_USER_SESSION	"{""variant"":""A"",""c0"":null,""c1"":null,""answers"":[{""questionId"":""direction_A"",""optionIdsShown"":[""fruit"",""floral_tea"",""sweet_nut_cocoa"",""roast_spice_ferment""],""selectedOptionIds"":[""fruit""],""responseState"":""SELECTED""},{""questionId"":""fruit_region"",""optionIdsShown"":[""berry"",""citrus""],""selectedOptionIds"":[""citrus"",""berry""],""responseState"":""SELECTED""}],""openSet"":false}"			"{""resultState"":""SUPPORTED_PARTIAL_OUTPUT"",""headline"":[""sensory.orange"",""sensory.blueberry""],""expandedMain"":[],""exploration"":[],""extraQuestionAppropriate"":false,""nextQuestion"":"""",""questionCount"":2,""explanations"":[{""conceptId"":""sensory.orange"",""text"":""可把“橙子”作为参照，看看是否贴近你的感觉；它与橙花香分开描述。"",""lineage"":""db/data/current/CLEANED_DESCRIPTOR_DISTRIBUTION.tsv|db/data/current/ONTOLOGY_CONSOLIDATION_V2.tsv|db/data/round3h/batch5/relationship_evidence_claims.tsv|packages/flavor-data/src/descriptors.ts""},{""conceptId"":""sensory.blueberry"",""text"":""可把“蓝莓”作为参照；如果你只感觉像某种莓果，也可以先保留宽泛说法。"",""lineage"":""db/data/current/CLEANED_DESCRIPTOR_DISTRIBUTION.tsv|db/data/current/ONTOLOGY_CONSOLIDATION_V2.tsv|db/data/round3h/batch5/relationship_evidence_claims.tsv|packages/flavor-data/src/descriptors.ts""}]}"	UNCALIBRATED_DETERMINISTIC_POLICY_OUTPUT_NOT_HUMAN_LABEL
PT023	rights_blocked	Only rights-blocked orange-blossom support must abstain	false	ENGINE_POLICY_FIXTURE_NOT_USER_SESSION	"{""variant"":""A"",""c0"":null,""c1"":null,""answers"":[{""questionId"":""direction_A"",""optionIdsShown"":[""fruit"",""floral_tea"",""sweet_nut_cocoa"",""roast_spice_ferment""],""selectedOptionIds"":[],""responseState"":""UNSURE""},{""questionId"":""floral_tea_reference"",""optionIdsShown"":[""citrus_blossom"",""rose_floral"",""tea"",""white_floral""],""selectedOptionIds"":[""citrus_blossom""],""responseState"":""SELECTED""}],""openSet"":false}"			"{""resultState"":""ABSTAINED_RIGHTS_BLOCKED"",""headline"":[],""expandedMain"":[],""exploration"":[],""extraQuestionAppropriate"":false,""nextQuestion"":""roast_smoke_reference"",""questionCount"":2,""explanations"":[]}"	UNCALIBRATED_DETERMINISTIC_POLICY_OUTPUT_NOT_HUMAN_LABEL
PT024	rights_mixed	Blocked concepts remain hidden when eligible concepts also have support	true	PARTICIPANT_FLOW_FIXTURE	"{""variant"":""A"",""c0"":null,""c1"":null,""answers"":[{""questionId"":""direction_A"",""optionIdsShown"":[""fruit"",""floral_tea"",""sweet_nut_cocoa"",""roast_spice_ferment""],""selectedOptionIds"":[""fruit"",""floral_tea"",""sweet_nut_cocoa"",""roast_spice_ferment""],""responseState"":""SELECTED""}],""openSet"":false}"			"{""resultState"":""SUPPORTED_PARTIAL_OUTPUT"",""headline"":[""sensory.caramel"",""sensory.honey"",""sensory.dark_chocolate""],""expandedMain"":[""sensory.jasmine"",""sensory.orange""],""exploration"":[""sensory.blueberry"",""sensory.cinnamon"",""sensory.almond""],""extraQuestionAppropriate"":false,""nextQuestion"":""floral_tea_reference"",""questionCount"":1,""explanations"":[{""conceptId"":""sensory.caramel"",""text"":""可把“焦糖香”作为参照；它不表示加了糖，也不等于烟熏味。"",""lineage"":""db/data/current/CLEANED_DESCRIPTOR_DISTRIBUTION.tsv|db/data/current/ONTOLOGY_CONSOLIDATION_V2.tsv|db/data/round3h/batch5/relationship_evidence_claims.tsv|packages/flavor-data/src/descriptors.ts""},{""conceptId"":""sensory.honey"",""text"":""可把“蜂蜜香”作为参照；闻着甜不代表含糖量高，也不一定喝着甜。"",""lineage"":""db/data/current/CLEANED_DESCRIPTOR_DISTRIBUTION.tsv|db/data/current/ONTOLOGY_CONSOLIDATION_V2.tsv|db/data/round3h/batch5/relationship_evidence_claims.tsv|packages/flavor-data/src/descriptors.ts""},{""conceptId"":""sensory.dark_chocolate"",""text"":""可把“黑巧克力”作为参照；只有苦味，还不足以描述这种联想。"",""lineage"":""db/data/current/CLEANED_DESCRIPTOR_DISTRIBUTION.tsv|db/data/current/ONTOLOGY_CONSOLIDATION_V2.tsv|db/data/round3h/batch5/relationship_evidence_claims.tsv|packages/flavor-data/src/descriptors.ts""},{""conceptId"":""sensory.jasmine"",""text"":""可试着用“茉莉花香”描述这份花香；不需要同时有水果香或酸味。"",""lineage"":""db/data/current/CLEANED_DESCRIPTOR_DISTRIBUTION.tsv|db/data/current/ONTOLOGY_CONSOLIDATION_V2.tsv|db/data/round3h/batch5/relationship_evidence_claims.tsv|packages/flavor-data/src/descriptors.ts""},{""conceptId"":""sensory.orange"",""text"":""可把“橙子”作为参照，看看是否贴近你的感觉；它与橙花香分开描述。"",""lineage"":""db/data/current/CLEANED_DESCRIPTOR_DISTRIBUTION.tsv|db/data/current/ONTOLOGY_CONSOLIDATION_V2.tsv|db/data/round3h/batch5/relationship_evidence_claims.tsv|packages/flavor-data/src/descriptors.ts""},{""conceptId"":""sensory.blueberry"",""text"":""可把“蓝莓”作为参照；如果你只感觉像某种莓果，也可以先保留宽泛说法。"",""lineage"":""db/data/current/CLEANED_DESCRIPTOR_DISTRIBUTION.tsv|db/data/current/ONTOLOGY_CONSOLIDATION_V2.tsv|db/data/round3h/batch5/relationship_evidence_claims.tsv|packages/flavor-data/src/descriptors.ts""},{""conceptId"":""sensory.cinnamon"",""text"":""可把“肉桂香”作为参照，看看是否贴近你的感觉。"",""lineage"":""db/data/current/CLEANED_DESCRIPTOR_DISTRIBUTION.tsv|db/data/current/ONTOLOGY_CONSOLIDATION_V2.tsv|db/data/round3h/batch5/relationship_evidence_claims.tsv|packages/flavor-data/src/descriptors.ts""},{""conceptId"":""sensory.almond"",""text"":""可把“杏仁”作为参照，看看是否贴近你的感觉；这个名称不表示添加了杏仁。"",""lineage"":""db/data/current/CLEANED_DESCRIPTOR_DISTRIBUTION.tsv|db/data/current/ONTOLOGY_CONSOLIDATION_V2.tsv|db/data/round3h/batch5/relationship_evidence_claims.tsv|packages/flavor-data/src/descriptors.ts""}]}"	UNCALIBRATED_DETERMINISTIC_POLICY_OUTPUT_NOT_HUMAN_LABEL
PT025	all_options_selected	Selecting every displayed option is recorded and is not a conflict	true	PARTICIPANT_FLOW_FIXTURE	"{""variant"":""A"",""c0"":null,""c1"":null,""answers"":[{""questionId"":""direction_A"",""optionIdsShown"":[""fruit"",""floral_tea"",""sweet_nut_cocoa"",""roast_spice_ferment""],""selectedOptionIds"":[""fruit"",""floral_tea"",""sweet_nut_cocoa"",""roast_spice_ferment""],""responseState"":""SELECTED""},{""questionId"":""floral_tea_reference"",""optionIdsShown"":[""citrus_blossom"",""rose_floral"",""tea"",""white_floral""],""selectedOptionIds"":[""citrus_blossom"",""rose_floral"",""tea"",""white_floral""],""responseState"":""SELECTED""}],""openSet"":false}"			"{""resultState"":""SUPPORTED_PARTIAL_OUTPUT"",""headline"":[""sensory.jasmine"",""sensory.rose"",""sensory.green_tea""],""expandedMain"":[""sensory.caramel"",""sensory.honey""],""exploration"":[""sensory.dark_chocolate"",""sensory.orange"",""sensory.blueberry""],""extraQuestionAppropriate"":false,""nextQuestion"":"""",""questionCount"":2,""explanations"":[{""conceptId"":""sensory.jasmine"",""text"":""可试着用“茉莉花香”描述这份花香；不需要同时有水果香或酸味。"",""lineage"":""db/data/current/CLEANED_DESCRIPTOR_DISTRIBUTION.tsv|db/data/current/ONTOLOGY_CONSOLIDATION_V2.tsv|db/data/round3h/batch5/relationship_evidence_claims.tsv|packages/flavor-data/src/descriptors.ts""},{""conceptId"":""sensory.rose"",""text"":""可试着用“玫瑰花香”描述这份花香，看看是否贴近你的感觉。"",""lineage"":""db/data/current/CLEANED_DESCRIPTOR_DISTRIBUTION.tsv|db/data/current/ONTOLOGY_CONSOLIDATION_V2.tsv|db/data/round3h/batch5/relationship_evidence_claims.tsv|packages/flavor-data/src/descriptors.ts""},{""conceptId"":""sensory.green_tea"",""text"":""可把“绿茶”作为参照；如果只感觉像茶，也可以先保留“茶感”。"",""lineage"":""db/data/current/CLEANED_DESCRIPTOR_DISTRIBUTION.tsv|db/data/current/ONTOLOGY_CONSOLIDATION_V2.tsv|db/data/round3h/batch5/relationship_evidence_claims.tsv|packages/flavor-data/src/descriptors.ts""},{""conceptId"":""sensory.caramel"",""text"":""可把“焦糖香”作为参照；它不表示加了糖，也不等于烟熏味。"",""lineage"":""db/data/current/CLEANED_DESCRIPTOR_DISTRIBUTION.tsv|db/data/current/ONTOLOGY_CONSOLIDATION_V2.tsv|db/data/round3h/batch5/relationship_evidence_claims.tsv|packages/flavor-data/src/descriptors.ts""},{""conceptId"":""sensory.honey"",""text"":""可把“蜂蜜香”作为参照；闻着甜不代表含糖量高，也不一定喝着甜。"",""lineage"":""db/data/current/CLEANED_DESCRIPTOR_DISTRIBUTION.tsv|db/data/current/ONTOLOGY_CONSOLIDATION_V2.tsv|db/data/round3h/batch5/relationship_evidence_claims.tsv|packages/flavor-data/src/descriptors.ts""},{""conceptId"":""sensory.dark_chocolate"",""text"":""可把“黑巧克力”作为参照；只有苦味，还不足以描述这种联想。"",""lineage"":""db/data/current/CLEANED_DESCRIPTOR_DISTRIBUTION.tsv|db/data/current/ONTOLOGY_CONSOLIDATION_V2.tsv|db/data/round3h/batch5/relationship_evidence_claims.tsv|packages/flavor-data/src/descriptors.ts""},{""conceptId"":""sensory.orange"",""text"":""可把“橙子”作为参照，看看是否贴近你的感觉；它与橙花香分开描述。"",""lineage"":""db/data/current/CLEANED_DESCRIPTOR_DISTRIBUTION.tsv|db/data/current/ONTOLOGY_CONSOLIDATION_V2.tsv|db/data/round3h/batch5/relationship_evidence_claims.tsv|packages/flavor-data/src/descriptors.ts""},{""conceptId"":""sensory.blueberry"",""text"":""可把“蓝莓”作为参照；如果你只感觉像某种莓果，也可以先保留宽泛说法。"",""lineage"":""db/data/current/CLEANED_DESCRIPTOR_DISTRIBUTION.tsv|db/data/current/ONTOLOGY_CONSOLIDATION_V2.tsv|db/data/round3h/batch5/relationship_evidence_claims.tsv|packages/flavor-data/src/descriptors.ts""}]}"	UNCALIBRATED_DETERMINISTIC_POLICY_OUTPUT_NOT_HUMAN_LABEL
PT026	q1_mandatory	No sensory response must not yield output	false	ENGINE_POLICY_FIXTURE_NOT_USER_SESSION	"{""variant"":""A"",""c0"":null,""c1"":null,""answers"":[],""openSet"":false}"			"{""resultState"":""NEEDS_MANDATORY_Q1"",""headline"":[],""expandedMain"":[],""exploration"":[],""extraQuestionAppropriate"":false,""nextQuestion"":""direction_A"",""questionCount"":0,""explanations"":[]}"	UNCALIBRATED_DETERMINISTIC_POLICY_OUTPUT_NOT_HUMAN_LABEL
PT027	redundant_semantic_rejected	Fruit_region and acidity_character share a semantic distinction	false	ENGINE_POLICY_FIXTURE_NOT_USER_SESSION	"{""variant"":""A"",""c0"":null,""c1"":null,""answers"":[{""questionId"":""direction_A"",""optionIdsShown"":[""fruit"",""floral_tea"",""sweet_nut_cocoa"",""roast_spice_ferment""],""selectedOptionIds"":[""fruit""],""responseState"":""SELECTED""},{""questionId"":""fruit_region"",""optionIdsShown"":[""berry"",""citrus""],""selectedOptionIds"":[""berry""],""responseState"":""SELECTED""}],""openSet"":false}"		REPEATED_SEMANTIC_QUESTION_MUST_THROW	"{""resultState"":""SUPPORTED_PARTIAL_OUTPUT"",""headline"":[""sensory.blueberry"",""sensory.orange""],""expandedMain"":[],""exploration"":[],""extraQuestionAppropriate"":false,""nextQuestion"":"""",""questionCount"":2,""explanations"":[{""conceptId"":""sensory.blueberry"",""text"":""可把“蓝莓”作为参照；如果你只感觉像某种莓果，也可以先保留宽泛说法。"",""lineage"":""db/data/current/CLEANED_DESCRIPTOR_DISTRIBUTION.tsv|db/data/current/ONTOLOGY_CONSOLIDATION_V2.tsv|db/data/round3h/batch5/relationship_evidence_claims.tsv|packages/flavor-data/src/descriptors.ts""},{""conceptId"":""sensory.orange"",""text"":""可把“橙子”作为参照，看看是否贴近你的感觉；它与橙花香分开描述。"",""lineage"":""db/data/current/CLEANED_DESCRIPTOR_DISTRIBUTION.tsv|db/data/current/ONTOLOGY_CONSOLIDATION_V2.tsv|db/data/round3h/batch5/relationship_evidence_claims.tsv|packages/flavor-data/src/descriptors.ts""}]}"	UNCALIBRATED_DETERMINISTIC_POLICY_OUTPUT_NOT_HUMAN_LABEL
PT028	q5_without_opt_in_rejected	Fifth-question acceptance is required, even when separation exists	false	ENGINE_POLICY_FIXTURE_NOT_USER_SESSION	"{""variant"":""A"",""c0"":null,""c1"":null,""answers"":[{""questionId"":""direction_A"",""optionIdsShown"":[""fruit"",""floral_tea"",""sweet_nut_cocoa"",""roast_spice_ferment""],""selectedOptionIds"":[],""responseState"":""UNSURE""},{""questionId"":""floral_tea_reference"",""optionIdsShown"":[""citrus_blossom"",""rose_floral"",""tea"",""white_floral""],""selectedOptionIds"":[],""responseState"":""UNSURE""},{""questionId"":""roast_smoke_reference"",""optionIdsShown"":[""smoke"",""warming_spice"",""wood_tobacco""],""selectedOptionIds"":[],""responseState"":""UNSURE""},{""questionId"":""browned_sweet_reference"",""optionIdsShown"":[""brown_sugar"",""caramel_honey"",""dark_chocolate"",""nuts""],""selectedOptionIds"":[],""responseState"":""UNSURE""}],""openSet"":false}"		RECOVERY_WITHOUT_ACCEPTANCE_MUST_THROW	"{""resultState"":""ABSTAINED_INSUFFICIENT_EVIDENCE"",""headline"":[],""expandedMain"":[],""exploration"":[],""extraQuestionAppropriate"":true,""nextQuestion"":""fermentation_character"",""questionCount"":4,""explanations"":[]}"	UNCALIBRATED_DETERMINISTIC_POLICY_OUTPUT_NOT_HUMAN_LABEL
