case_id	headline_acceptable	expanded_main_acceptable	exploration_acceptable	candidate_to_remove	candidate_to_add	extra_question_appropriate	abstention_appropriate	explanation_understandable	reason	reviewer	review_date	final_owner_decision
PT001												
PT002												
PT003												
PT004												
PT005												
PT006												
PT007												
PT008												
PT009												
PT010												
PT011												
PT012												
PT013												
PT014												
PT015												
PT016												
PT017												
PT018												
PT019												
PT020												
PT021												
PT022												
PT023												
PT024												
PT025												
PT026												
PT027												
PT028												
