request_dossier_key	candidate_key	regional_frame_key	source_platform	forum_or_community_decision	contact_target	exact_requested_fields	requested_date_range	raw_text_requirement	derived_only_alternative	privacy_protections	intended_model_research_use	public_release_boundary	deletion_or_withdrawal_procedure	request_status	request_sent	prepared_on	limitation
request.r3j.regional.cn-cau-catas-french-press-2025	candidate.r3j.regional.cn-cau-catas-french-press-2025	MAINLAND_CHINA	食品科学 journal	NOT_APPLICABLE	Corresponding authors through the official journal article contact route	Deidentified assessor-condition matrix; sample and condition IDs; liking; descriptor ratings; codebook; coarse panel characteristics; ethics, consent, licence, and withdrawal scope	Original collection period; exact dates requested	NO; source-authored descriptor labels require separate reuse confirmation	Condition-level liking and descriptor means, variances, and anonymized cross-tabs	Pseudonymous keys; direct identifiers and exact personal location excluded; coarse geography only; suppress small cells	Noncommercial regional language, preference, or sensory research; no automatic gold label, canonical promotion, or population estimate	Derived aggregates only unless the exact source units are separately licensed for public release	Source-keyed deletion or tombstone; remove affected units and rebuild downstream derivatives and exports	DATA_REQUEST_PREPARED	false	2026-08-26	Prepared only; sending requires explicit user authorization.
request.r3j.regional.cn-ynau-yunnan-origin-purchase-2026	candidate.r3j.regional.cn-ynau-yunnan-origin-purchase-2026	MAINLAND_CHINA	云南农业大学学报（社会科学）	NOT_APPLICABLE	Authors or editorial office through the official journal route	Deidentified questionnaire responses; item/codebook mapping; origin image; perceived value; purchase-intention variables; coarse demographics; sampling frame; consent, licence, and withdrawal scope	Original collection period; exact dates requested	NO	Aggregate construct distributions and deidentified model tables	Pseudonymous keys; direct identifiers and exact personal location excluded; coarse geography only; suppress small cells	Noncommercial regional language, preference, or sensory research; no automatic gold label, canonical promotion, or population estimate	Derived aggregates only unless the exact source units are separately licensed for public release	Source-keyed deletion or tombstone; remove affected units and rebuild downstream derivatives and exports	DATA_REQUEST_PREPARED	false	2026-08-26	Prepared only; sending requires explicit user authorization.
request.r3j.regional.cn-yunnan-30-bean-comparison-2025	candidate.r3j.regional.cn-yunnan-30-bean-comparison-2025	MAINLAND_CHINA	云南省市场监督管理局	NOT_APPLICABLE	云南省消费者协会 through the official Yunnan AMR contact route	Deidentified product ID; Yunnan/non-Yunnan stratum; roast and preparation; sensory attributes and scores; test method; assessor design; codebook; licence and withdrawal flags	Original collection period; exact dates requested	NO	Brand-pseudonymized attribute distributions and processing/origin aggregates	Pseudonymous keys; direct identifiers and exact personal location excluded; coarse geography only; suppress small cells	Noncommercial regional language, preference, or sensory research; no automatic gold label, canonical promotion, or population estimate	Derived aggregates only unless the exact source units are separately licensed for public release	Source-keyed deletion or tombstone; remove affected units and rebuild downstream derivatives and exports	DATA_REQUEST_PREPARED	false	2026-08-26	Prepared only; sending requires explicit user authorization.
request.r3j.regional.cn-xiaohongshu-coffee-permission-route	candidate.r3j.regional.cn-xiaohongshu-coffee-permission-route	MAINLAND_CHINA	Xiaohongshu	DATA_REQUEST_PREPARED	Xiaohongshu Open Platform support and management center	Author-opted-in title/body; coarse date; source-local language; preparation; roast; black/milk; rating where present; permission and withdrawal flags; no usernames, profiles, emails, avatars, exact locations, direct links, comments, or replies	2024-01-01..2026-08-26	Only after written platform and relevant author permission for model research	Deidentified aggregate expression counts and context co-occurrences with minimum-frequency suppression	Pseudonymous keys; direct identifiers and exact personal location excluded; coarse geography only; suppress small cells	Noncommercial regional language, preference, or sensory research; no automatic gold label, canonical promotion, or population estimate	Derived aggregates only unless the exact source units are separately licensed for public release	Source-keyed deletion or tombstone; remove affected units and rebuild downstream derivatives and exports	DATA_REQUEST_PREPARED	false	2026-08-26	Prepared only; sending requires explicit user authorization.
request.r3j.regional.cn-douban-coffee-permission-route	candidate.r3j.regional.cn-douban-coffee-permission-route	MAINLAND_CHINA	Douban	DATA_REQUEST_PREPARED	Douban business-cooperation and content-authorization route	Author-opted-in title/body; coarse date; source-local language; preparation; roast; black/milk; rating where present; permission and withdrawal flags; no usernames, profiles, emails, avatars, exact locations, direct links, comments, or replies	2024-01-01..2026-08-26	Only after written platform and relevant author permission for model research	Deidentified aggregate expression counts and context co-occurrences with minimum-frequency suppression	Pseudonymous keys; direct identifiers and exact personal location excluded; coarse geography only; suppress small cells	Noncommercial regional language, preference, or sensory research; no automatic gold label, canonical promotion, or population estimate	Derived aggregates only unless the exact source units are separately licensed for public release	Source-keyed deletion or tombstone; remove affected units and rebuild downstream derivatives and exports	DATA_REQUEST_PREPARED	false	2026-08-26	Prepared only; sending requires explicit user authorization.
request.r3j.regional.cn-weibo-coffee-api-permission-route	candidate.r3j.regional.cn-weibo-coffee-api-permission-route	MAINLAND_CHINA	Weibo	DATA_REQUEST_PREPARED	Weibo Open Platform application review and support	Author-opted-in title/body; coarse date; source-local language; preparation; roast; black/milk; rating where present; permission and withdrawal flags; no usernames, profiles, emails, avatars, exact locations, direct links, comments, or replies	2024-01-01..2026-08-26	Only after written platform and relevant author permission for model research	Deidentified aggregate expression counts and context co-occurrences with minimum-frequency suppression	Pseudonymous keys; direct identifiers and exact personal location excluded; coarse geography only; suppress small cells	Noncommercial regional language, preference, or sensory research; no automatic gold label, canonical promotion, or population estimate	Derived aggregates only unless the exact source units are separately licensed for public release	Source-keyed deletion or tombstone; remove affected units and rebuild downstream derivatives and exports	DATA_REQUEST_PREPARED	false	2026-08-26	Prepared only; sending requires explicit user authorization.
request.r3j.regional.tw-nkuht-multi-method-sensory-2019	candidate.r3j.regional.tw-nkuht-multi-method-sensory-2019	TAIWAN	Taiwan NDLTD	NOT_APPLICABLE	Thesis author or advisors through NKUHT or the NCL repository	Deidentified sample-assessor responses; panel roles; liking; CATA and descriptor fields; emotion; purchase intention; sample origin, process, preparation and roast; codebook; consent, licence and withdrawal scope	Original collection period; exact dates requested	NO; source-authored descriptor labels require explicit permission	Sample-by-method aggregate matrices and deidentified descriptor frequencies	Pseudonymous keys; direct identifiers and exact personal location excluded; coarse geography only; suppress small cells	Noncommercial regional language, preference, or sensory research; no automatic gold label, canonical promotion, or population estimate	Derived aggregates only unless the exact source units are separately licensed for public release	Source-keyed deletion or tombstone; remove affected units and rebuild downstream derivatives and exports	DATA_REQUEST_PREPARED	false	2026-08-26	Prepared only; sending requires explicit user authorization.
request.r3j.regional.tw-nchu-specialty-choice-preference-2023	candidate.r3j.regional.tw-nchu-specialty-choice-preference-2023	TAIWAN	Taiwan NDLTD	NOT_APPLICABLE	Rou-Han Lu or advisor through NCHU or NCL	Choice sets; deidentified choices; attribute coding; weights and willingness-to-pay; coarse demographics; sampling frame; questionnaire; consent, licence, and withdrawal scope	Original collection period; exact dates requested	NO	Choice-set coefficients and deidentified response summaries	Pseudonymous keys; direct identifiers and exact personal location excluded; coarse geography only; suppress small cells	Noncommercial regional language, preference, or sensory research; no automatic gold label, canonical promotion, or population estimate	Derived aggregates only unless the exact source units are separately licensed for public release	Source-keyed deletion or tombstone; remove affected units and rebuild downstream derivatives and exports	DATA_REQUEST_PREPARED	false	2026-08-26	Prepared only; sending requires explicit user authorization.
request.r3j.regional.tw-uknn-coffee-perception-survey-2020	candidate.r3j.regional.tw-uknn-coffee-perception-survey-2020	TAIWAN	Taiwan NDLTD	NOT_APPLICABLE	Xin-Hui Chuang or advisor through the University of Kang Ning or NCL	Deidentified questionnaire responses; instrument and codebook; sour/bitter items; preparation and milk/black habits; coarse demographics; recruitment mode; consent, licence, and withdrawal scope	Original collection period; exact dates requested	NO	Deidentified frequency tables for sour/bitter preference and beverage habits	Pseudonymous keys; direct identifiers and exact personal location excluded; coarse geography only; suppress small cells	Noncommercial regional language, preference, or sensory research; no automatic gold label, canonical promotion, or population estimate	Derived aggregates only unless the exact source units are separately licensed for public release	Source-keyed deletion or tombstone; remove affected units and rebuild downstream derivatives and exports	DATA_REQUEST_PREPARED	false	2026-08-26	Prepared only; sending requires explicit user authorization.
request.r3j.regional.tw-tbrs-coffee-flavor-wheel	candidate.r3j.regional.tw-tbrs-coffee-flavor-wheel	TAIWAN	農業部茶及飲料作物改良場	NOT_APPLICABLE	TBRS official opinion mailbox, records office, or licensing contact	Machine-readable source-local term hierarchy; definitions; development method; provenance; version; attribution; modification; model-use, public-release, and withdrawal permissions	Current authoritative version as of 2026-08-26	Only with explicit machine-readable text and model-use permission	Owner-produced flat term inventory, hierarchy IDs, provenance, and aggregate method summary	Pseudonymous keys; direct identifiers and exact personal location excluded; coarse geography only; suppress small cells	Noncommercial regional language, preference, or sensory research; no automatic gold label, canonical promotion, or population estimate	Derived aggregates only unless the exact source units are separately licensed for public release	Source-keyed deletion or tombstone; remove affected units and rebuild downstream derivatives and exports	DATA_REQUEST_PREPARED	false	2026-08-26	Prepared only; sending requires explicit user authorization.
request.r3j.regional.tw-tbrs-tcags-2024-results	candidate.r3j.regional.tw-tbrs-tcags-2024-results	TAIWAN	農業部茶及飲料作物改良場	NOT_APPLICABLE	TBRS TCAGs program through the official opinion mailbox or records contact	Pseudonymous sample ID; county/township coarse geography; process; roast and preparation; judge-role-separated scores; descriptor frequencies; method and codebook; licence and withdrawal flags; exclude farmer and judge names	2024-10-16..2024-10-18	NO	County- and process-level descriptor distributions and score summaries	Pseudonymous keys; direct identifiers and exact personal location excluded; coarse geography only; suppress small cells	Noncommercial regional language, preference, or sensory research; no automatic gold label, canonical promotion, or population estimate	Derived aggregates only unless the exact source units are separately licensed for public release	Source-keyed deletion or tombstone; remove affected units and rebuild downstream derivatives and exports	DATA_REQUEST_PREPARED	false	2026-08-26	Prepared only; sending requires explicit user authorization.
request.r3j.regional.tw-dcard-coffee-permission-route	candidate.r3j.regional.tw-dcard-coffee-permission-route	TAIWAN	Dcard	DATA_REQUEST_PREPARED	Dcard official contact form at https://about.dcard.tw/contactUs	Author-opted-in title/body; coarse date; source-local language; preparation; roast; black/milk; rating where present; permission and withdrawal flags; no usernames, profiles, emails, avatars, exact locations, direct links, comments, or replies	2024-01-01..2026-08-26	Only after written platform and relevant author permission for model research	Deidentified aggregate expression counts and context co-occurrences with minimum-frequency suppression	Pseudonymous keys; direct identifiers and exact personal location excluded; coarse geography only; suppress small cells	Noncommercial regional language, preference, or sensory research; no automatic gold label, canonical promotion, or population estimate	Derived aggregates only unless the exact source units are separately licensed for public release	Source-keyed deletion or tombstone; remove affected units and rebuild downstream derivatives and exports	DATA_REQUEST_PREPARED	false	2026-08-26	Prepared only; sending requires explicit user authorization.
request.r3j.regional.tw-ptt-coffee-permission-route	candidate.r3j.regional.tw-ptt-coffee-permission-route	TAIWAN	PTT	DATA_REQUEST_PREPARED	PTT station administration and SYSOP official route	Author-opted-in title/body; coarse date; source-local language; preparation; roast; black/milk; rating where present; permission and withdrawal flags; no usernames, profiles, emails, avatars, exact locations, direct links, comments, or replies	2024-01-01..2026-08-26	Only after written platform and relevant author permission for model research	Deidentified aggregate expression counts and context co-occurrences with minimum-frequency suppression	Pseudonymous keys; direct identifiers and exact personal location excluded; coarse geography only; suppress small cells	Noncommercial regional language, preference, or sensory research; no automatic gold label, canonical promotion, or population estimate	Derived aggregates only unless the exact source units are separately licensed for public release	Source-keyed deletion or tombstone; remove affected units and rebuild downstream derivatives and exports	DATA_REQUEST_PREPARED	false	2026-08-26	Prepared only; sending requires explicit user authorization.
request.r3j.regional.aunz-deakin-soy-milk-coffee	candidate.r3j.regional.aunz-deakin-soy-milk-coffee	AU_NZ	Deakin Centre for Advanced Food Sciences	NOT_APPLICABLE	Akansha Gupta and Deakin Centre for Advanced Food Sciences research office	Deidentified participant key; sample and soy-milk condition; coffee preparation; roast; serving order; sensory endpoints; liking; source-local labels; coarse participant bands; consent, licence, and withdrawal scope	Study collection period; exact dates requested	NO; any free text requires separate permission	Condition-level sensory and liking summaries	Pseudonymous keys; direct identifiers and exact personal location excluded; coarse geography only; suppress small cells	Noncommercial regional language, preference, or sensory research; no automatic gold label, canonical promotion, or population estimate	Derived aggregates only unless the exact source units are separately licensed for public release	Source-keyed deletion or tombstone; remove affected units and rebuild downstream derivatives and exports	DATA_REQUEST_PREPARED	false	2026-08-26	Prepared only; sending requires explicit user authorization.
request.r3j.regional.aunz-deakin-aroma-dairy-2022	candidate.r3j.regional.aunz-deakin-aroma-dairy-2022	AU_NZ	Deakin Research Online / Wiley	NOT_APPLICABLE	Corresponding authors and Deakin Research Online data contact	Deidentified panel key; product and aroma condition; preparation; roast; sensory and liking endpoints; source-local codebook; panel-role bands; consent, licence, and withdrawal scope	Original study period; exact dates requested	NO	Condition-level aroma, sensory, and acceptability summaries	Pseudonymous keys; direct identifiers and exact personal location excluded; coarse geography only; suppress small cells	Noncommercial regional language, preference, or sensory research; no automatic gold label, canonical promotion, or population estimate	Derived aggregates only unless the exact source units are separately licensed for public release	Source-keyed deletion or tombstone; remove affected units and rebuild downstream derivatives and exports	DATA_REQUEST_PREPARED	false	2026-08-26	Prepared only; sending requires explicit user authorization.
request.r3j.regional.aunz-reddit-australiancoffee-route	candidate.r3j.regional.aunz-reddit-australiancoffee-route	AU_NZ	Reddit	DATA_REQUEST_PREPARED	Reddit Responsible Builder/API review; r/AustralianCoffee moderators; relevant rightsholders	Author-opted-in post body; pseudonymous document key; created month; preparation; roast; black/milk; item language tag; explicitly supported market; derived descriptor or liking fields; comments excluded unless separately reviewed	2023-01-01..2025-12-31	NO by default; only with explicit platform and rightsholder permission	Aggregate vocabulary frequency, co-occurrence, and derived regional terminology features with k>=20 public suppression	Pseudonymous keys; direct identifiers and exact personal location excluded; coarse geography only; suppress small cells	Noncommercial regional language, preference, or sensory research; no automatic gold label, canonical promotion, or population estimate	Derived aggregates only unless the exact source units are separately licensed for public release	Source-keyed deletion or tombstone; remove affected units and rebuild downstream derivatives and exports	DATA_REQUEST_PREPARED	false	2026-08-26	Prepared only; sending requires explicit user authorization.
request.r3j.regional.aunz-aut-auckland-cafe-experience-2017	candidate.r3j.regional.aunz-aut-auckland-cafe-experience-2017	AU_NZ	Auckland University of Technology Tuwhera	NOT_APPLICABLE	Miao Zhang, thesis supervisor, or AUT Tuwhera repository contact	Deidentified respondent key; café and beverage-quality items; satisfaction; loyalty; value; coffee preparation when recorded; milk/black context; coarse demographics; sampling weights; codebook; consent, licence, and withdrawal scope	Original study period ending 2017; exact dates requested	NO	Auckland café-experience construct distributions and deidentified cross-tabs	Pseudonymous keys; direct identifiers and exact personal location excluded; coarse geography only; suppress small cells	Noncommercial regional language, preference, or sensory research; no automatic gold label, canonical promotion, or population estimate	Derived aggregates only unless the exact source units are separately licensed for public release	Source-keyed deletion or tombstone; remove affected units and rebuild downstream derivatives and exports	DATA_REQUEST_PREPARED	false	2026-08-26	Prepared only; sending requires explicit user authorization.
request.r3j.regional.us-nca-ncdt-spring-2026	candidate.r3j.regional.us-nca-ncdt-spring-2026	US_CANADA	National Coffee Association	NOT_APPLICABLE	National Coffee Association research and licensing contact	Deidentified respondent key; survey weights; US region band; age band; coffee frequency and beverage type; preparation; roast; black/milk/additives; purchase and preference items; sensory fields if present; codebook; explicit model-research, public-release, and withdrawal permissions	SPRING_2026	NO	NCA-produced weighted aggregate cross-tabs or a derived-only analysis agreement	No names, contacts, device identifiers, or exact location; coarse bands only; small-cell suppression	Noncommercial regional language, preference, or sensory research; no automatic gold label, canonical promotion, or population estimate	Aggregate derived statistics only under an explicit NCA agreement	Source-keyed deletion or tombstone; remove affected units and rebuild downstream derivatives and exports	DATA_REQUEST_PREPARED	false	2026-08-26	Prepared only; sending requires explicit user authorization.
request.r3j.regional.us-wcr-sensory-lexicon-v2	candidate.r3j.regional.us-wcr-sensory-lexicon-v2	US_CANADA	World Coffee Research	NOT_APPLICABLE	World Coffee Research legal, licensing, or research contact	Machine-readable attribute names and hierarchy; reference identities and preparation methods; version and provenance; explicit permission for noncommercial model research and bounded public release; exclude protected form layout, images, and third-party definitions unless separately cleared	SENSORY_LEXICON_VERSION_2_2017	Only the exact fields separately licensed by WCR; no scorecards, form layout, images, or third-party definitions	WCR-produced identifiers, hierarchy, or derived-only concept crosswalk under written permission	NOT_APPLICABLE_NO_PERSONAL_DATA_REQUESTED	Noncommercial regional language, preference, or sensory research; no automatic gold label, canonical promotion, or population estimate	Only fields and derivatives expressly licensed by WCR; attribution and trademark boundary retained	Source-keyed deletion or tombstone; remove affected units and rebuild downstream derivatives and exports	DATA_REQUEST_PREPARED	false	2026-08-26	Prepared only; sending requires explicit user authorization.
request.r3j.regional.us-reddit-coffee-permission-route	candidate.r3j.regional.us-reddit-coffee-permission-route	US_CANADA	Reddit	BLOCKED_MODEL_USE	Reddit Responsible Builder or research route; subreddit moderators; participating authors	Author-opted-in title/body; coarse date; source-local language; preparation; roast; black/milk; rating where present; permission and withdrawal flags; no usernames, profiles, emails, avatars, exact locations, direct links, comments, or replies	2022-01-01..2026-08-26	Only after written platform and relevant author permission for model research	Deidentified aggregate expression counts and context co-occurrences with minimum-frequency suppression	Pseudonymous keys; direct identifiers and exact personal location excluded; coarse geography only; suppress small cells	Noncommercial regional language, preference, or sensory research; no automatic gold label, canonical promotion, or population estimate	Derived aggregates only unless the exact source units are separately licensed for public release	Source-keyed deletion or tombstone; remove affected units and rebuild downstream derivatives and exports	DATA_REQUEST_PREPARED	false	2026-08-26	Prepared only; sending requires explicit user authorization.
request.r3j.regional.ca-coffeegeek-archive-permission-route	candidate.r3j.regional.ca-coffeegeek-archive-permission-route	US_CANADA	CoffeeGeek	DATA_REQUEST_PREPARED	CoffeeGeek or M. Prince and relevant review authors	Author-opted-in title/body; coarse date; source-local language; preparation; roast; black/milk; rating where present; permission and withdrawal flags; no usernames, profiles, emails, avatars, exact locations, direct links, comments, or replies	2001-01-01..2020-12-31	Only after written platform and relevant author permission for model research	Deidentified aggregate expression counts and context co-occurrences with minimum-frequency suppression	Pseudonymous keys; direct identifiers and exact personal location excluded; coarse geography only; suppress small cells	Noncommercial regional language, preference, or sensory research; no automatic gold label, canonical promotion, or population estimate	Derived aggregates only unless the exact source units are separately licensed for public release	Source-keyed deletion or tombstone; remove affected units and rebuild downstream derivatives and exports	DATA_REQUEST_PREPARED	false	2026-08-26	Prepared only; sending requires explicit user authorization.
request.r3j.regional.ca-cac-ccdt-winter-2025	candidate.r3j.regional.ca-cac-ccdt-winter-2025	US_CANADA	Coffee Association of Canada	NOT_APPLICABLE	info@coffeeassoc.com	Deidentified respondent key; survey weights; province or region band; age band; coffee type and frequency; preparation method and location; roast; black/milk/additives; purchase and price-response items; sensory fields if present; consent, licence, and withdrawal scope	WINTER_2025	NO	Weighted aggregate cross-tabs with small-cell suppression	Pseudonymous keys; direct identifiers and exact personal location excluded; coarse geography only; suppress small cells	Noncommercial regional language, preference, or sensory research; no automatic gold label, canonical promotion, or population estimate	Derived aggregates only unless the exact source units are separately licensed for public release	Source-keyed deletion or tombstone; remove affected units and rebuild downstream derivatives and exports	DATA_REQUEST_PREPARED	false	2026-08-26	Prepared only; sending requires explicit user authorization.
request.r3j.regional.ca-guelph-cowell-thesis-2018	candidate.r3j.regional.ca-guelph-cowell-thesis-2018	US_CANADA	University of Guelph Atrium	NOT_APPLICABLE	Jessey Cowell; Loong-Tak Lim; University of Guelph Atrium	Deidentified panel key; valve/storage condition; storage time; roast; brew recipe; sample order; acceptability; same-different result; sensory endpoints; free text separately flagged; consent, licence, and withdrawal scope	2016-01-01..2018-09-30	NO; comments only if separately licensed	Condition-level acceptability and sensory summaries	Pseudonymous keys; direct identifiers and exact personal location excluded; coarse geography only; suppress small cells	Noncommercial regional language, preference, or sensory research; no automatic gold label, canonical promotion, or population estimate	Derived aggregates only unless the exact source units are separately licensed for public release	Source-keyed deletion or tombstone; remove affected units and rebuild downstream derivatives and exports	DATA_REQUEST_PREPARED	false	2026-08-26	Prepared only; sending requires explicit user authorization.
request.r3j.regional.ca-fairtrade-toronto-vancouver-2010	candidate.r3j.regional.ca-fairtrade-toronto-vancouver-2010	US_CANADA	Wiley DOI / University of Guelph	NOT_APPLICABLE	John Cranfield and coauthors through University of Guelph; publisher only for publisher-controlled supplements	Deidentified respondent key; Toronto/Vancouver site; choice alternatives; price; Fair Trade, organic and other labels; chosen alternative; coffee frequency; coarse demographics; survey weights; consent, licence, and withdrawal scope	PRE_2010_STUDY_PERIOD_EXACT_DATES_REQUESTED	NO	City- and attribute-level choice counts and model coefficients	Pseudonymous keys; direct identifiers and exact personal location excluded; coarse geography only; suppress small cells	Noncommercial regional language, preference, or sensory research; no automatic gold label, canonical promotion, or population estimate	Derived aggregates only unless the exact source units are separately licensed for public release	Source-keyed deletion or tombstone; remove affected units and rebuild downstream derivatives and exports	DATA_REQUEST_PREPARED	false	2026-08-26	Prepared only; sending requires explicit user authorization.
request.r3j.regional.usca-home-barista-permission-route	candidate.r3j.regional.usca-home-barista-permission-route	US_CANADA	Home-Barista	DATA_REQUEST_PREPARED	Home-Barista or Dan Kehn and participating authors	Author-opted-in title/body; coarse date; source-local language; preparation; roast; black/milk; rating where present; permission and withdrawal flags; no usernames, profiles, emails, avatars, exact locations, direct links, comments, or replies	2022-01-01..2026-08-26	Only after written platform and relevant author permission for model research	Deidentified aggregate expression counts and context co-occurrences with minimum-frequency suppression	Pseudonymous keys; direct identifiers and exact personal location excluded; coarse geography only; suppress small cells	Noncommercial regional language, preference, or sensory research; no automatic gold label, canonical promotion, or population estimate	Derived aggregates only unless the exact source units are separately licensed for public release	Source-keyed deletion or tombstone; remove affected units and rebuild downstream derivatives and exports	DATA_REQUEST_PREPARED	false	2026-08-26	Prepared only; sending requires explicit user authorization.
request.r3j.regional.jp-milk-coffee-flavor-lexicon-2023	candidate.r3j.regional.jp-milk-coffee-flavor-lexicon-2023	JAPAN	J-STAGE	NOT_APPLICABLE	Corresponding authors, Morinaga Milk Industry research contact, and University of Tsukuba	Deidentified consumer key; milk-coffee sample and preparation; roast; CATA selections; liking; source-local Japanese labels; sample order; coarse participant bands; consent, licence, and withdrawal scope	Original study period; exact dates requested	Only source-local labels expressly licensed for model research; no long quotations or forms	Sample-level aggregate CATA frequencies and liking summaries with licensed Japanese field labels	Pseudonymous keys; direct identifiers and exact personal location excluded; coarse geography only; suppress small cells	Noncommercial regional language, preference, or sensory research; no automatic gold label, canonical promotion, or population estimate	Derived aggregates only unless the exact source units are separately licensed for public release	Source-keyed deletion or tombstone; remove affected units and rebuild downstream derivatives and exports	DATA_REQUEST_PREPARED	false	2026-08-26	Prepared only; sending requires explicit user authorization.
request.r3j.regional.jp-konan-working-generation-coffee	candidate.r3j.regional.jp-konan-working-generation-coffee	JAPAN	J-STAGE	NOT_APPLICABLE	Corresponding authors through Konan Women's University and the society contact	Deidentified participant key; sample and preparation; roast; sensory attributes; liking; source-local Japanese labels; order; coarse employee bands; consent, licence, and withdrawal scope	Original study period; exact dates requested	NO	Condition-level sensory and preference summaries	Pseudonymous keys; direct identifiers and exact personal location excluded; coarse geography only; suppress small cells	Noncommercial regional language, preference, or sensory research; no automatic gold label, canonical promotion, or population estimate	Derived aggregates only unless the exact source units are separately licensed for public release	Source-keyed deletion or tombstone; remove affected units and rebuild downstream derivatives and exports	DATA_REQUEST_PREPARED	false	2026-08-26	Prepared only; sending requires explicit user authorization.
request.r3j.regional.jp-ajca-demand-survey-2024	candidate.r3j.regional.jp-ajca-demand-survey-2024	JAPAN	All Japan Coffee Association	NOT_APPLICABLE	All Japan Coffee Association survey and research contact	Deidentified respondent key; survey weight; prefecture/region band; age band; coffee frequency; consumption, purchase, preparation, roast and milk/black fields; taste preference fields; source-local Japanese labels; consent, licence, and withdrawal scope	2024 survey collection period; exact dates requested	NO	Weighted aggregate preference and consumption cross-tabs	Pseudonymous keys; direct identifiers and exact personal location excluded; coarse geography only; suppress small cells	Noncommercial regional language, preference, or sensory research; no automatic gold label, canonical promotion, or population estimate	Derived aggregates only unless the exact source units are separately licensed for public release	Source-keyed deletion or tombstone; remove affected units and rebuild downstream derivatives and exports	DATA_REQUEST_PREPARED	false	2026-08-26	Prepared only; sending requires explicit user authorization.
request.r3j.regional.jp-tabelog-coffee-reviews-route	candidate.r3j.regional.jp-tabelog-coffee-reviews-route	JAPAN	Tabelog	DATA_REQUEST_PREPARED	Kakaku.com or Tabelog legal/research-permission contact and reviewer rightsholders where required	Author-opted-in review text; pseudonymous document key; created month; venue region; preparation; roast if explicit; black/milk; source-local language; derived sensory or liking fields; replies excluded	2023-01-01..2025-12-31	NO by default; only with written platform and rightsholder permission	Aggregate terminology and preparation-linked preference features with k>=20 public suppression	Pseudonymous keys; direct identifiers and exact personal location excluded; coarse geography only; suppress small cells	Noncommercial regional language, preference, or sensory research; no automatic gold label, canonical promotion, or population estimate	Derived aggregates only unless the exact source units are separately licensed for public release	Source-keyed deletion or tombstone; remove affected units and rebuild downstream derivatives and exports	DATA_REQUEST_PREPARED	false	2026-08-26	Prepared only; sending requires explicit user authorization.
request.r3j.regional.kr-water-temperature-acceptance-2022	candidate.r3j.regional.kr-water-temperature-acceptance-2022	SOUTH_KOREA	KCI	NOT_APPLICABLE	Corresponding author or Coway and the Korean Culinary Society	Deidentified panel key; water TDS; brew temperature; preparation; roast; sample order; appearance, aroma, flavor, aftertaste and overall acceptance; physicochemical endpoints; demographic bands if consented; codebook; licence and withdrawal scope	2022_STUDY_EXACT_DATES_REQUESTED	NO	Condition-level means, distributions, and licensed Korean field labels	Pseudonymous keys; direct identifiers and exact personal location excluded; coarse geography only; suppress small cells	Noncommercial regional language, preference, or sensory research; no automatic gold label, canonical promotion, or population estimate	Derived aggregates only unless the exact source units are separately licensed for public release	Source-keyed deletion or tombstone; remove affected units and rebuild downstream derivatives and exports	DATA_REQUEST_PREPARED	false	2026-08-26	Prepared only; sending requires explicit user authorization.
request.r3j.regional.kr-naver-cafe-permission-route	candidate.r3j.regional.kr-naver-cafe-permission-route	SOUTH_KOREA	NAVER Café	DATA_REQUEST_PREPARED	NAVER Developers; selected café managers; participating authors	Author-opted-in title/body; coarse date; source-local language; preparation; roast; black/milk; rating where present; permission and withdrawal flags; no usernames, profiles, emails, avatars, exact locations, direct links, comments, or replies	2022-01-01..2026-08-26	Only after written platform and relevant author permission for model research	Deidentified aggregate expression counts and context co-occurrences with minimum-frequency suppression	Pseudonymous keys; direct identifiers and exact personal location excluded; coarse geography only; suppress small cells	Noncommercial regional language, preference, or sensory research; no automatic gold label, canonical promotion, or population estimate	Derived aggregates only unless the exact source units are separately licensed for public release	Source-keyed deletion or tombstone; remove affected units and rebuild downstream derivatives and exports	DATA_REQUEST_PREPARED	false	2026-08-26	Prepared only; sending requires explicit user authorization.
request.r3j.regional.kr-daum-cafe-permission-route	candidate.r3j.regional.kr-daum-cafe-permission-route	SOUTH_KOREA	Daum Café / Kakao	DATA_REQUEST_PREPARED	Kakao Developers; selected Daum café managers; participating authors	Author-opted-in title/body; coarse date; source-local language; preparation; roast; black/milk; rating where present; permission and withdrawal flags; no usernames, profiles, emails, avatars, exact locations, direct links, comments, or replies	2022-01-01..2026-08-26	Only after written platform and relevant author permission for model research	Deidentified aggregate expression counts and context co-occurrences with minimum-frequency suppression	Pseudonymous keys; direct identifiers and exact personal location excluded; coarse geography only; suppress small cells	Noncommercial regional language, preference, or sensory research; no automatic gold label, canonical promotion, or population estimate	Derived aggregates only unless the exact source units are separately licensed for public release	Source-keyed deletion or tombstone; remove affected units and rebuild downstream derivatives and exports	DATA_REQUEST_PREPARED	false	2026-08-26	Prepared only; sending requires explicit user authorization.
request.r3j.regional.kr-dcinside-coffee-permission-route	candidate.r3j.regional.kr-dcinside-coffee-permission-route	SOUTH_KOREA	DCInside	BLOCKED_AUTOMATION	DCInside legal or partnership route and participating authors	Author-opted-in title/body; coarse date; source-local language; preparation; roast; black/milk; rating where present; permission and withdrawal flags; no usernames, profiles, emails, avatars, exact locations, direct links, comments, or replies	2022-01-01..2026-08-26	Only after written platform and relevant author permission for model research	Deidentified aggregate expression counts and context co-occurrences with minimum-frequency suppression	Pseudonymous keys; direct identifiers and exact personal location excluded; coarse geography only; suppress small cells	Noncommercial regional language, preference, or sensory research; no automatic gold label, canonical promotion, or population estimate	Derived aggregates only unless the exact source units are separately licensed for public release	Source-keyed deletion or tombstone; remove affected units and rebuild downstream derivatives and exports	DATA_REQUEST_PREPARED	false	2026-08-26	Prepared only; sending requires explicit user authorization.
