coverage_membership_key	coverage_cell_key	reported_measure_key	membership_type	candidate_key	evidence_unit_key	source_family_key	included	exclusion_reason	limitation
membership.cube.r3j.regional.d4ce0d60462299056953.cn-cau-catas-french-press-2025	cube.r3j.regional.d4ce0d60462299056953	CANDIDATE_AUDIT_RECORD_COUNT	CANDIDATE	candidate.r3j.regional.cn-cau-catas-french-press-2025	NOT_APPLICABLE	family.cn.cau-catas-french-press-study	true	NOT_APPLICABLE	Candidate audit membership only; never counted as admitted evidence coverage.
membership.cube.r3j.regional.38cc95ad6fdf9716653a.cn-cau-catas-french-press-2025	cube.r3j.regional.38cc95ad6fdf9716653a	CANDIDATE_AUDIT_RECORD_COUNT	CANDIDATE	candidate.r3j.regional.cn-cau-catas-french-press-2025	NOT_APPLICABLE	family.cn.cau-catas-french-press-study	true	NOT_APPLICABLE	Candidate audit membership only; never counted as admitted evidence coverage.
membership.cube.r3j.regional.d27c3816549feb0811a9.cn-hainan-db46-robusta-standard-2024	cube.r3j.regional.d27c3816549feb0811a9	CANDIDATE_AUDIT_RECORD_COUNT	CANDIDATE	candidate.r3j.regional.cn-hainan-db46-robusta-standard-2024	NOT_APPLICABLE	family.cn.hainan-amr-db46-standard	true	NOT_APPLICABLE	Candidate audit membership only; never counted as admitted evidence coverage.
membership.cube.r3j.regional.7a75cdb61cd1c142d92c.cn-sac-tc566-coffee-terms-draft-2025	cube.r3j.regional.7a75cdb61cd1c142d92c	CANDIDATE_AUDIT_RECORD_COUNT	CANDIDATE	candidate.r3j.regional.cn-sac-tc566-coffee-terms-draft-2025	NOT_APPLICABLE	family.cn.sac-tc566-coffee-vocabulary	true	NOT_APPLICABLE	Candidate audit membership only; never counted as admitted evidence coverage.
membership.cube.r3j.regional.4357be7448cb9cda64b6.cn-yunnan-30-bean-comparison-2025	cube.r3j.regional.4357be7448cb9cda64b6	CANDIDATE_AUDIT_RECORD_COUNT	CANDIDATE	candidate.r3j.regional.cn-yunnan-30-bean-comparison-2025	NOT_APPLICABLE	family.cn.yunnan-consumers-association-coffee-test	true	NOT_APPLICABLE	Candidate audit membership only; never counted as admitted evidence coverage.
membership.cube.r3j.regional.28d11f6e3417ef15cd93.cn-yunnan-30-bean-comparison-2025	cube.r3j.regional.28d11f6e3417ef15cd93	CANDIDATE_AUDIT_RECORD_COUNT	CANDIDATE	candidate.r3j.regional.cn-yunnan-30-bean-comparison-2025	NOT_APPLICABLE	family.cn.yunnan-consumers-association-coffee-test	true	NOT_APPLICABLE	Candidate audit membership only; never counted as admitted evidence coverage.
membership.cube.r3j.regional.a8bebb558a7454bdf414.cn-xiaohongshu-coffee-permission-route	cube.r3j.regional.a8bebb558a7454bdf414	CANDIDATE_AUDIT_RECORD_COUNT	CANDIDATE	candidate.r3j.regional.cn-xiaohongshu-coffee-permission-route	NOT_APPLICABLE	family.cn.xiaohongshu-platform	true	NOT_APPLICABLE	Candidate audit membership only; never counted as admitted evidence coverage.
membership.cube.r3j.regional.26fc37662822ae2099e7.cn-douban-coffee-permission-route	cube.r3j.regional.26fc37662822ae2099e7	CANDIDATE_AUDIT_RECORD_COUNT	CANDIDATE	candidate.r3j.regional.cn-douban-coffee-permission-route	NOT_APPLICABLE	family.cn.douban-platform	true	NOT_APPLICABLE	Candidate audit membership only; never counted as admitted evidence coverage.
membership.cube.r3j.regional.1433cd3a2c9dd11e0df9.cn-weibo-coffee-api-permission-route	cube.r3j.regional.1433cd3a2c9dd11e0df9	CANDIDATE_AUDIT_RECORD_COUNT	CANDIDATE	candidate.r3j.regional.cn-weibo-coffee-api-permission-route	NOT_APPLICABLE	family.cn.weibo-platform	true	NOT_APPLICABLE	Candidate audit membership only; never counted as admitted evidence coverage.
membership.cube.r3j.regional.e03c204392d40dd8d667.tw-nkuht-multi-method-sensory-2019	cube.r3j.regional.e03c204392d40dd8d667	CANDIDATE_AUDIT_RECORD_COUNT	CANDIDATE	candidate.r3j.regional.tw-nkuht-multi-method-sensory-2019	NOT_APPLICABLE	family.tw.nkuht-sensory-study	true	NOT_APPLICABLE	Candidate audit membership only; never counted as admitted evidence coverage.
membership.cube.r3j.regional.b23713cbbe70ac8c228a.tw-nkuht-multi-method-sensory-2019	cube.r3j.regional.b23713cbbe70ac8c228a	CANDIDATE_AUDIT_RECORD_COUNT	CANDIDATE	candidate.r3j.regional.tw-nkuht-multi-method-sensory-2019	NOT_APPLICABLE	family.tw.nkuht-sensory-study	true	NOT_APPLICABLE	Candidate audit membership only; never counted as admitted evidence coverage.
membership.cube.r3j.regional.7cfa0eee6defcf727092.tw-nchu-specialty-choice-preference-2023	cube.r3j.regional.7cfa0eee6defcf727092	CANDIDATE_AUDIT_RECORD_COUNT	CANDIDATE	candidate.r3j.regional.tw-nchu-specialty-choice-preference-2023	NOT_APPLICABLE	family.tw.nchu-specialty-preference-study	true	NOT_APPLICABLE	Candidate audit membership only; never counted as admitted evidence coverage.
membership.cube.r3j.regional.a30d801830aedb3ed669.tw-uknn-coffee-perception-survey-2020	cube.r3j.regional.a30d801830aedb3ed669	CANDIDATE_AUDIT_RECORD_COUNT	CANDIDATE	candidate.r3j.regional.tw-uknn-coffee-perception-survey-2020	NOT_APPLICABLE	family.tw.uknn-consumer-perception-study	true	NOT_APPLICABLE	Candidate audit membership only; never counted as admitted evidence coverage.
membership.cube.r3j.regional.9f6907e934e2f633d3d1.tw-tbrs-coffee-flavor-wheel	cube.r3j.regional.9f6907e934e2f633d3d1	CANDIDATE_AUDIT_RECORD_COUNT	CANDIDATE	candidate.r3j.regional.tw-tbrs-coffee-flavor-wheel	NOT_APPLICABLE	family.tw.tbrs-tcags	true	NOT_APPLICABLE	Candidate audit membership only; never counted as admitted evidence coverage.
membership.cube.r3j.regional.ebe5f881ae2f85b2c32c.tw-tbrs-tcags-2024-results	cube.r3j.regional.ebe5f881ae2f85b2c32c	CANDIDATE_AUDIT_RECORD_COUNT	CANDIDATE	candidate.r3j.regional.tw-tbrs-tcags-2024-results	NOT_APPLICABLE	family.tw.tbrs-tcags	true	NOT_APPLICABLE	Candidate audit membership only; never counted as admitted evidence coverage.
membership.cube.r3j.regional.516126cfbe271a74651a.tw-tbrs-tcags-2024-results	cube.r3j.regional.516126cfbe271a74651a	CANDIDATE_AUDIT_RECORD_COUNT	CANDIDATE	candidate.r3j.regional.tw-tbrs-tcags-2024-results	NOT_APPLICABLE	family.tw.tbrs-tcags	true	NOT_APPLICABLE	Candidate audit membership only; never counted as admitted evidence coverage.
membership.cube.r3j.regional.79df3102c95fabc4f0d5.tw-dcard-coffee-permission-route	cube.r3j.regional.79df3102c95fabc4f0d5	CANDIDATE_AUDIT_RECORD_COUNT	CANDIDATE	candidate.r3j.regional.tw-dcard-coffee-permission-route	NOT_APPLICABLE	family.tw.dcard-platform	true	NOT_APPLICABLE	Candidate audit membership only; never counted as admitted evidence coverage.
membership.cube.r3j.regional.e9f12a93de7f22de5f5e.tw-ptt-coffee-permission-route	cube.r3j.regional.e9f12a93de7f22de5f5e	CANDIDATE_AUDIT_RECORD_COUNT	CANDIDATE	candidate.r3j.regional.tw-ptt-coffee-permission-route	NOT_APPLICABLE	family.tw.ptt-platform	true	NOT_APPLICABLE	Candidate audit membership only; never counted as admitted evidence coverage.
membership.cube.r3j.regional.4f058e76f30e8956ece6.aunz-agrifutures-terroir-report	cube.r3j.regional.4f058e76f30e8956ece6	CANDIDATE_AUDIT_RECORD_COUNT	CANDIDATE	candidate.r3j.regional.aunz-agrifutures-terroir-report	NOT_APPLICABLE	family.aunz.agrifutures-scu-terroir	true	NOT_APPLICABLE	Candidate audit membership only; never counted as admitted evidence coverage.
membership.cube.r3j.regional.16a78457461340708031.aunz-agrifutures-terroir-report	cube.r3j.regional.16a78457461340708031	CANDIDATE_AUDIT_RECORD_COUNT	CANDIDATE	candidate.r3j.regional.aunz-agrifutures-terroir-report	NOT_APPLICABLE	family.aunz.agrifutures-scu-terroir	true	NOT_APPLICABLE	Candidate audit membership only; never counted as admitted evidence coverage.
membership.cube.r3j.regional.88c51c21e2d542154433.aunz-deakin-soy-milk-coffee	cube.r3j.regional.88c51c21e2d542154433	CANDIDATE_AUDIT_RECORD_COUNT	CANDIDATE	candidate.r3j.regional.aunz-deakin-soy-milk-coffee	NOT_APPLICABLE	family.aunz.deakin-cafs	true	NOT_APPLICABLE	Candidate audit membership only; never counted as admitted evidence coverage.
membership.cube.r3j.regional.38d93709cf2f13b8f086.aunz-deakin-soy-milk-coffee	cube.r3j.regional.38d93709cf2f13b8f086	CANDIDATE_AUDIT_RECORD_COUNT	CANDIDATE	candidate.r3j.regional.aunz-deakin-soy-milk-coffee	NOT_APPLICABLE	family.aunz.deakin-cafs	true	NOT_APPLICABLE	Candidate audit membership only; never counted as admitted evidence coverage.
membership.cube.r3j.regional.c2a9337f06c59d680ab7.aunz-deakin-aroma-dairy-2022	cube.r3j.regional.c2a9337f06c59d680ab7	CANDIDATE_AUDIT_RECORD_COUNT	CANDIDATE	candidate.r3j.regional.aunz-deakin-aroma-dairy-2022	NOT_APPLICABLE	family.aunz.deakin-cafs	true	NOT_APPLICABLE	Candidate audit membership only; never counted as admitted evidence coverage.
membership.cube.r3j.regional.decc15adab58ec69e2ae.aunz-deakin-aroma-dairy-2022	cube.r3j.regional.decc15adab58ec69e2ae	CANDIDATE_AUDIT_RECORD_COUNT	CANDIDATE	candidate.r3j.regional.aunz-deakin-aroma-dairy-2022	NOT_APPLICABLE	family.aunz.deakin-cafs	true	NOT_APPLICABLE	Candidate audit membership only; never counted as admitted evidence coverage.
membership.cube.r3j.regional.caaaabb5bbbfaf986c92.aunz-reddit-australiancoffee-route	cube.r3j.regional.caaaabb5bbbfaf986c92	CANDIDATE_AUDIT_RECORD_COUNT	CANDIDATE	candidate.r3j.regional.aunz-reddit-australiancoffee-route	NOT_APPLICABLE	family.global.reddit	true	NOT_APPLICABLE	Candidate audit membership only; never counted as admitted evidence coverage.
membership.cube.r3j.regional.8ac8aadd1f8d32b29145.aunz-nzsca-regional-scoresheet	cube.r3j.regional.8ac8aadd1f8d32b29145	CANDIDATE_AUDIT_RECORD_COUNT	CANDIDATE	candidate.r3j.regional.aunz-nzsca-regional-scoresheet	NOT_APPLICABLE	family.aunz.nzsca	true	NOT_APPLICABLE	Candidate audit membership only; never counted as admitted evidence coverage.
membership.cube.r3j.regional.f7233d808cade47fe5b4.aunz-aut-auckland-cafe-experience-2017	cube.r3j.regional.f7233d808cade47fe5b4	CANDIDATE_AUDIT_RECORD_COUNT	CANDIDATE	candidate.r3j.regional.aunz-aut-auckland-cafe-experience-2017	NOT_APPLICABLE	family.aunz.aut-auckland-cafe-study	true	NOT_APPLICABLE	Candidate audit membership only; never counted as admitted evidence coverage.
membership.cube.r3j.regional.346ff1bbe1edc5102e3f.aunz-nzsca-those-that-judge	cube.r3j.regional.346ff1bbe1edc5102e3f	CANDIDATE_AUDIT_RECORD_COUNT	CANDIDATE	candidate.r3j.regional.aunz-nzsca-those-that-judge	NOT_APPLICABLE	family.aunz.nzsca	true	NOT_APPLICABLE	Candidate audit membership only; never counted as admitted evidence coverage.
membership.cube.r3j.regional.6f40ae62b3b8f68d20dc.us-ucd-black-coffee-dryad-2023	cube.r3j.regional.6f40ae62b3b8f68d20dc	CANDIDATE_AUDIT_RECORD_COUNT	CANDIDATE	candidate.r3j.regional.us-ucd-black-coffee-dryad-2023	NOT_APPLICABLE	family.us.uc-davis-dryad-black-coffee	true	NOT_APPLICABLE	Candidate audit membership only; never counted as admitted evidence coverage.
membership.cube.r3j.regional.a8ab3c2509a7e7b61c49.us-ucd-black-coffee-dryad-2023	cube.r3j.regional.a8ab3c2509a7e7b61c49	CANDIDATE_AUDIT_RECORD_COUNT	CANDIDATE	candidate.r3j.regional.us-ucd-black-coffee-dryad-2023	NOT_APPLICABLE	family.us.uc-davis-dryad-black-coffee	true	NOT_APPLICABLE	Candidate audit membership only; never counted as admitted evidence coverage.
membership.cube.r3j.regional.fe0f66866642a018dfe9.us-nca-ncdt-spring-2026	cube.r3j.regional.fe0f66866642a018dfe9	CANDIDATE_AUDIT_RECORD_COUNT	CANDIDATE	candidate.r3j.regional.us-nca-ncdt-spring-2026	NOT_APPLICABLE	family.us.national-coffee-association	true	NOT_APPLICABLE	Candidate audit membership only; never counted as admitted evidence coverage.
membership.cube.r3j.regional.4c8eab24aa50947ece5e.us-nca-ncdt-spring-2026	cube.r3j.regional.4c8eab24aa50947ece5e	CANDIDATE_AUDIT_RECORD_COUNT	CANDIDATE	candidate.r3j.regional.us-nca-ncdt-spring-2026	NOT_APPLICABLE	family.us.national-coffee-association	true	NOT_APPLICABLE	Candidate audit membership only; never counted as admitted evidence coverage.
membership.cube.r3j.regional.cce40b568daeac4e02e2.us-wcr-sensory-lexicon-v2	cube.r3j.regional.cce40b568daeac4e02e2	CANDIDATE_AUDIT_RECORD_COUNT	CANDIDATE	candidate.r3j.regional.us-wcr-sensory-lexicon-v2	NOT_APPLICABLE	family.us.wcr-kansas-state-sensory-center	true	NOT_APPLICABLE	Candidate audit membership only; never counted as admitted evidence coverage.
membership.cube.r3j.regional.eaed196c52e6b997eb47.us-reddit-coffee-permission-route	cube.r3j.regional.eaed196c52e6b997eb47	CANDIDATE_AUDIT_RECORD_COUNT	CANDIDATE	candidate.r3j.regional.us-reddit-coffee-permission-route	NOT_APPLICABLE	family.global.reddit	true	NOT_APPLICABLE	Candidate audit membership only; never counted as admitted evidence coverage.
membership.cube.r3j.regional.7be7f6f8ed2dd26bbbd7.ca-coffeegeek-archive-permission-route	cube.r3j.regional.7be7f6f8ed2dd26bbbd7	CANDIDATE_AUDIT_RECORD_COUNT	CANDIDATE	candidate.r3j.regional.ca-coffeegeek-archive-permission-route	NOT_APPLICABLE	family.ca.coffeegeek-m-prince	true	NOT_APPLICABLE	Candidate audit membership only; never counted as admitted evidence coverage.
membership.cube.r3j.regional.e5fb73c0d59a6a4cd0cf.ca-coffeegeek-archive-permission-route	cube.r3j.regional.e5fb73c0d59a6a4cd0cf	CANDIDATE_AUDIT_RECORD_COUNT	CANDIDATE	candidate.r3j.regional.ca-coffeegeek-archive-permission-route	NOT_APPLICABLE	family.ca.coffeegeek-m-prince	true	NOT_APPLICABLE	Candidate audit membership only; never counted as admitted evidence coverage.
membership.cube.r3j.regional.cb1ccde85d7fc54eec6c.ca-cac-ccdt-winter-2025	cube.r3j.regional.cb1ccde85d7fc54eec6c	CANDIDATE_AUDIT_RECORD_COUNT	CANDIDATE	candidate.r3j.regional.ca-cac-ccdt-winter-2025	NOT_APPLICABLE	family.ca.coffee-association-of-canada	true	NOT_APPLICABLE	Candidate audit membership only; never counted as admitted evidence coverage.
membership.cube.r3j.regional.774d2024c316c42a0ea6.ca-cac-ccdt-winter-2025	cube.r3j.regional.774d2024c316c42a0ea6	CANDIDATE_AUDIT_RECORD_COUNT	CANDIDATE	candidate.r3j.regional.ca-cac-ccdt-winter-2025	NOT_APPLICABLE	family.ca.coffee-association-of-canada	true	NOT_APPLICABLE	Candidate audit membership only; never counted as admitted evidence coverage.
membership.cube.r3j.regional.11e76c0bdea67400a37c.ca-guelph-cowell-thesis-2018	cube.r3j.regional.11e76c0bdea67400a37c	CANDIDATE_AUDIT_RECORD_COUNT	CANDIDATE	candidate.r3j.regional.ca-guelph-cowell-thesis-2018	NOT_APPLICABLE	family.ca.university-of-guelph-studies	true	NOT_APPLICABLE	Candidate audit membership only; never counted as admitted evidence coverage.
membership.cube.r3j.regional.6f8caa4b9bec44e079ca.ca-guelph-cowell-thesis-2018	cube.r3j.regional.6f8caa4b9bec44e079ca	CANDIDATE_AUDIT_RECORD_COUNT	CANDIDATE	candidate.r3j.regional.ca-guelph-cowell-thesis-2018	NOT_APPLICABLE	family.ca.university-of-guelph-studies	true	NOT_APPLICABLE	Candidate audit membership only; never counted as admitted evidence coverage.
membership.cube.r3j.regional.67e3c27e7a5b80bacf7a.ca-fairtrade-toronto-vancouver-2010	cube.r3j.regional.67e3c27e7a5b80bacf7a	CANDIDATE_AUDIT_RECORD_COUNT	CANDIDATE	candidate.r3j.regional.ca-fairtrade-toronto-vancouver-2010	NOT_APPLICABLE	family.ca.university-of-guelph-studies	true	NOT_APPLICABLE	Candidate audit membership only; never counted as admitted evidence coverage.
membership.cube.r3j.regional.3a5e69e08893f89a0d5b.usca-home-barista-permission-route	cube.r3j.regional.3a5e69e08893f89a0d5b	CANDIDATE_AUDIT_RECORD_COUNT	CANDIDATE	candidate.r3j.regional.usca-home-barista-permission-route	NOT_APPLICABLE	family.us.home-barista	true	NOT_APPLICABLE	Candidate audit membership only; never counted as admitted evidence coverage.
membership.cube.r3j.regional.97471da55fa63655dd24.usca-home-barista-permission-route	cube.r3j.regional.97471da55fa63655dd24	CANDIDATE_AUDIT_RECORD_COUNT	CANDIDATE	candidate.r3j.regional.usca-home-barista-permission-route	NOT_APPLICABLE	family.us.home-barista	true	NOT_APPLICABLE	Candidate audit membership only; never counted as admitted evidence coverage.
membership.cube.r3j.regional.6a14c84218fc6a14557a.jp-milk-coffee-flavor-lexicon-2023	cube.r3j.regional.6a14c84218fc6a14557a	CANDIDATE_AUDIT_RECORD_COUNT	CANDIDATE	candidate.r3j.regional.jp-milk-coffee-flavor-lexicon-2023	NOT_APPLICABLE	family.jp.morinaga-tsukuba-milk-coffee	true	NOT_APPLICABLE	Candidate audit membership only; never counted as admitted evidence coverage.
membership.cube.r3j.regional.8ec5f041b3fa83dfd9f4.jp-milk-coffee-flavor-lexicon-2023	cube.r3j.regional.8ec5f041b3fa83dfd9f4	CANDIDATE_AUDIT_RECORD_COUNT	CANDIDATE	candidate.r3j.regional.jp-milk-coffee-flavor-lexicon-2023	NOT_APPLICABLE	family.jp.morinaga-tsukuba-milk-coffee	true	NOT_APPLICABLE	Candidate audit membership only; never counted as admitted evidence coverage.
membership.cube.r3j.regional.a1046851a49977e7b9c8.jp-konan-working-generation-coffee	cube.r3j.regional.a1046851a49977e7b9c8	CANDIDATE_AUDIT_RECORD_COUNT	CANDIDATE	candidate.r3j.regional.jp-konan-working-generation-coffee	NOT_APPLICABLE	family.jp.konan-womens-working-coffee	true	NOT_APPLICABLE	Candidate audit membership only; never counted as admitted evidence coverage.
membership.cube.r3j.regional.dc6b38f448cc0a04e351.jp-konan-working-generation-coffee	cube.r3j.regional.dc6b38f448cc0a04e351	CANDIDATE_AUDIT_RECORD_COUNT	CANDIDATE	candidate.r3j.regional.jp-konan-working-generation-coffee	NOT_APPLICABLE	family.jp.konan-womens-working-coffee	true	NOT_APPLICABLE	Candidate audit membership only; never counted as admitted evidence coverage.
membership.cube.r3j.regional.4cdbb80bbe1dee9de25a.jp-ajca-demand-survey-2024	cube.r3j.regional.4cdbb80bbe1dee9de25a	CANDIDATE_AUDIT_RECORD_COUNT	CANDIDATE	candidate.r3j.regional.jp-ajca-demand-survey-2024	NOT_APPLICABLE	family.jp.ajca-demand-survey	true	NOT_APPLICABLE	Candidate audit membership only; never counted as admitted evidence coverage.
membership.cube.r3j.regional.9e903d7b2bd4b2aee4cb.jp-ajca-demand-survey-2024	cube.r3j.regional.9e903d7b2bd4b2aee4cb	CANDIDATE_AUDIT_RECORD_COUNT	CANDIDATE	candidate.r3j.regional.jp-ajca-demand-survey-2024	NOT_APPLICABLE	family.jp.ajca-demand-survey	true	NOT_APPLICABLE	Candidate audit membership only; never counted as admitted evidence coverage.
membership.cube.r3j.regional.df6df89c7c41a2e118a7.jp-jcqa-sensory-evaluation	cube.r3j.regional.df6df89c7c41a2e118a7	CANDIDATE_AUDIT_RECORD_COUNT	CANDIDATE	candidate.r3j.regional.jp-jcqa-sensory-evaluation	NOT_APPLICABLE	family.jp.jcqa-ishimitsu-professional	true	NOT_APPLICABLE	Candidate audit membership only; never counted as admitted evidence coverage.
membership.cube.r3j.regional.e3ba9cb098bcdbbd7e37.jp-tabelog-coffee-reviews-route	cube.r3j.regional.e3ba9cb098bcdbbd7e37	CANDIDATE_AUDIT_RECORD_COUNT	CANDIDATE	candidate.r3j.regional.jp-tabelog-coffee-reviews-route	NOT_APPLICABLE	family.jp.kakaku-tabelog	true	NOT_APPLICABLE	Candidate audit membership only; never counted as admitted evidence coverage.
membership.cube.r3j.regional.f2714815221791cb6b9c.kr-water-temperature-acceptance-2022	cube.r3j.regional.f2714815221791cb6b9c	CANDIDATE_AUDIT_RECORD_COUNT	CANDIDATE	candidate.r3j.regional.kr-water-temperature-acceptance-2022	NOT_APPLICABLE	family.kr.culinary-society-coway-snu-water-study	true	NOT_APPLICABLE	Candidate audit membership only; never counted as admitted evidence coverage.
membership.cube.r3j.regional.f7a1b397c8eb55665b5b.kr-water-temperature-acceptance-2022	cube.r3j.regional.f7a1b397c8eb55665b5b	CANDIDATE_AUDIT_RECORD_COUNT	CANDIDATE	candidate.r3j.regional.kr-water-temperature-acceptance-2022	NOT_APPLICABLE	family.kr.culinary-society-coway-snu-water-study	true	NOT_APPLICABLE	Candidate audit membership only; never counted as admitted evidence coverage.
membership.cube.r3j.regional.d6d9b69ab87f3d7f77a4.kr-atfis-coffee-report-2024	cube.r3j.regional.d6d9b69ab87f3d7f77a4	CANDIDATE_AUDIT_RECORD_COUNT	CANDIDATE	candidate.r3j.regional.kr-atfis-coffee-report-2024	NOT_APPLICABLE	family.kr.at-fis-coffee-report	true	NOT_APPLICABLE	Candidate audit membership only; never counted as admitted evidence coverage.
membership.cube.r3j.regional.7fa850f8ffa6dfea5bdf.kr-atfis-coffee-report-2024	cube.r3j.regional.7fa850f8ffa6dfea5bdf	CANDIDATE_AUDIT_RECORD_COUNT	CANDIDATE	candidate.r3j.regional.kr-atfis-coffee-report-2024	NOT_APPLICABLE	family.kr.at-fis-coffee-report	true	NOT_APPLICABLE	Candidate audit membership only; never counted as admitted evidence coverage.
membership.cube.r3j.regional.83b6527a5a87e2102402.kr-naver-cafe-permission-route	cube.r3j.regional.83b6527a5a87e2102402	CANDIDATE_AUDIT_RECORD_COUNT	CANDIDATE	candidate.r3j.regional.kr-naver-cafe-permission-route	NOT_APPLICABLE	family.kr.naver-cafe	true	NOT_APPLICABLE	Candidate audit membership only; never counted as admitted evidence coverage.
membership.cube.r3j.regional.7e9285de77f87bd53d18.kr-daum-cafe-permission-route	cube.r3j.regional.7e9285de77f87bd53d18	CANDIDATE_AUDIT_RECORD_COUNT	CANDIDATE	candidate.r3j.regional.kr-daum-cafe-permission-route	NOT_APPLICABLE	family.kr.daum-cafe-kakao	true	NOT_APPLICABLE	Candidate audit membership only; never counted as admitted evidence coverage.
membership.cube.r3j.regional.33e5128ddb5fa5172574.kr-kca-flavor-evaluator-curriculum	cube.r3j.regional.33e5128ddb5fa5172574	CANDIDATE_AUDIT_RECORD_COUNT	CANDIDATE	candidate.r3j.regional.kr-kca-flavor-evaluator-curriculum	NOT_APPLICABLE	family.kr.korea-coffee-association	true	NOT_APPLICABLE	Candidate audit membership only; never counted as admitted evidence coverage.
membership.cube.r3j.regional.018b80ec9569c1656eca.kr-dcinside-coffee-permission-route	cube.r3j.regional.018b80ec9569c1656eca	CANDIDATE_AUDIT_RECORD_COUNT	CANDIDATE	candidate.r3j.regional.kr-dcinside-coffee-permission-route	NOT_APPLICABLE	family.kr.dcinside	true	NOT_APPLICABLE	Candidate audit membership only; never counted as admitted evidence coverage.
membership.cube.r3j.regional.593205f88652d7027422.latam-br-mfact-consumer-sensory-2017	cube.r3j.regional.593205f88652d7027422	CANDIDATE_AUDIT_RECORD_COUNT	CANDIDATE	candidate.r3j.regional.latam-br-mfact-consumer-sensory-2017	NOT_APPLICABLE	family.latam.ufc-ufla-mfact-consumer-study	true	NOT_APPLICABLE	Candidate audit membership only; never counted as admitted evidence coverage.
membership.cube.r3j.regional.4afb6eecafb572388ca2.latam-br-mfact-consumer-sensory-2017	cube.r3j.regional.4afb6eecafb572388ca2	CANDIDATE_AUDIT_RECORD_COUNT	CANDIDATE	candidate.r3j.regional.latam-br-mfact-consumer-sensory-2017	NOT_APPLICABLE	family.latam.ufc-ufla-mfact-consumer-study	true	NOT_APPLICABLE	Candidate audit membership only; never counted as admitted evidence coverage.
membership.cube.r3j.regional.94d29cf92661786e40a6.latam-br-ufla-consumer-cata-2021	cube.r3j.regional.94d29cf92661786e40a6	CANDIDATE_AUDIT_RECORD_COUNT	CANDIDATE	candidate.r3j.regional.latam-br-ufla-consumer-cata-2021	NOT_APPLICABLE	family.latam.scielo-figshare-ufla-consumer-study	true	NOT_APPLICABLE	Candidate audit membership only; never counted as admitted evidence coverage.
membership.cube.r3j.regional.b562c161056ec1ae95f4.latam-br-ufla-consumer-cata-2021	cube.r3j.regional.b562c161056ec1ae95f4	CANDIDATE_AUDIT_RECORD_COUNT	CANDIDATE	candidate.r3j.regional.latam-br-ufla-consumer-cata-2021	NOT_APPLICABLE	family.latam.scielo-figshare-ufla-consumer-study	true	NOT_APPLICABLE	Candidate audit membership only; never counted as admitted evidence coverage.
membership.cube.r3j.regional.b5e171728ec9203e85b8.latam-br-ufla-consumer-cata-2021	cube.r3j.regional.b5e171728ec9203e85b8	CANDIDATE_AUDIT_RECORD_COUNT	CANDIDATE	candidate.r3j.regional.latam-br-ufla-consumer-cata-2021	NOT_APPLICABLE	family.latam.scielo-figshare-ufla-consumer-study	true	NOT_APPLICABLE	Candidate audit membership only; never counted as admitted evidence coverage.
membership.cube.r3j.regional.d66f602d6fafe463648c.latam-co-cesurcafe-ftnir-v4	cube.r3j.regional.d66f602d6fafe463648c	CANDIDATE_AUDIT_RECORD_COUNT	CANDIDATE	candidate.r3j.regional.latam-co-cesurcafe-ftnir-v4	NOT_APPLICABLE	family.latam.mendeley-cesurcafe-colombia	true	NOT_APPLICABLE	Candidate audit membership only; never counted as admitted evidence coverage.
membership.cube.r3j.regional.1816d8c713139e792304.latam-co-cesurcafe-ftnir-v4	cube.r3j.regional.1816d8c713139e792304	CANDIDATE_AUDIT_RECORD_COUNT	CANDIDATE	candidate.r3j.regional.latam-co-cesurcafe-ftnir-v4	NOT_APPLICABLE	family.latam.mendeley-cesurcafe-colombia	true	NOT_APPLICABLE	Candidate audit membership only; never counted as admitted evidence coverage.
