review_item_id	priority	review_category	target_id	target_summary	decision_needed	suggested_action	owner_decision	owner_rationale	reviewer	review_date	lineage_paths
product-review:001	HIGH	MAIN_SECONDARY_BOUNDARY	sensory.jasmine	Jasmine	PRODUCT_DEPLOYMENT_RIGHTS_UNKNOWN|WEIGHTS_HEURISTIC						db/data/current/CLEANED_DESCRIPTOR_DISTRIBUTION.tsv|db/data/current/ONTOLOGY_CONSOLIDATION_V2.tsv|db/data/round3h/batch5/relationship_evidence_claims.tsv|packages/flavor-data/src/descriptors.ts
product-review:002	HIGH	MAIN_SECONDARY_BOUNDARY	sensory.rose	Rose	PRODUCT_DEPLOYMENT_RIGHTS_UNKNOWN|WEIGHTS_HEURISTIC						db/data/current/CLEANED_DESCRIPTOR_DISTRIBUTION.tsv|db/data/current/ONTOLOGY_CONSOLIDATION_V2.tsv|db/data/round3h/batch5/relationship_evidence_claims.tsv|packages/flavor-data/src/descriptors.ts
product-review:003	HIGH	MAIN_SECONDARY_BOUNDARY	sensory.orange_blossom	Orange Blossom	PRODUCT_DEPLOYMENT_RIGHTS_UNKNOWN|WEIGHTS_HEURISTIC						db/data/current/CLEANED_DESCRIPTOR_DISTRIBUTION.tsv|db/data/current/ONTOLOGY_CONSOLIDATION_V2.tsv|db/data/round3h/batch5/relationship_evidence_claims.tsv|packages/flavor-data/src/descriptors.ts
product-review:004	HIGH	MAIN_SECONDARY_BOUNDARY	sensory.lemon	Lemon	PRODUCT_DEPLOYMENT_RIGHTS_UNKNOWN|WEIGHTS_HEURISTIC						db/data/current/CLEANED_DESCRIPTOR_DISTRIBUTION.tsv|db/data/current/ONTOLOGY_CONSOLIDATION_V2.tsv|db/data/round3h/batch5/relationship_evidence_claims.tsv|packages/flavor-data/src/descriptors.ts
product-review:005	HIGH	MAIN_SECONDARY_BOUNDARY	sensory.orange	Orange	PRODUCT_DEPLOYMENT_RIGHTS_UNKNOWN|WEIGHTS_HEURISTIC						db/data/current/CLEANED_DESCRIPTOR_DISTRIBUTION.tsv|db/data/current/ONTOLOGY_CONSOLIDATION_V2.tsv|db/data/round3h/batch5/relationship_evidence_claims.tsv|packages/flavor-data/src/descriptors.ts
product-review:006	HIGH	MAIN_SECONDARY_BOUNDARY	sensory.blueberry	Blueberry	PRODUCT_DEPLOYMENT_RIGHTS_UNKNOWN|WEIGHTS_HEURISTIC						db/data/current/CLEANED_DESCRIPTOR_DISTRIBUTION.tsv|db/data/current/ONTOLOGY_CONSOLIDATION_V2.tsv|db/data/round3h/batch5/relationship_evidence_claims.tsv|packages/flavor-data/src/descriptors.ts
product-review:007	HIGH	MAIN_SECONDARY_BOUNDARY	sensory.honey	Honey	PRODUCT_DEPLOYMENT_RIGHTS_UNKNOWN|WEIGHTS_HEURISTIC						db/data/current/CLEANED_DESCRIPTOR_DISTRIBUTION.tsv|db/data/current/ONTOLOGY_CONSOLIDATION_V2.tsv|db/data/round3h/batch5/relationship_evidence_claims.tsv|packages/flavor-data/src/descriptors.ts
product-review:008	HIGH	MAIN_SECONDARY_BOUNDARY	sensory.caramel	Caramel	PRODUCT_DEPLOYMENT_RIGHTS_UNKNOWN|WEIGHTS_HEURISTIC						db/data/current/CLEANED_DESCRIPTOR_DISTRIBUTION.tsv|db/data/current/ONTOLOGY_CONSOLIDATION_V2.tsv|db/data/round3h/batch5/relationship_evidence_claims.tsv|packages/flavor-data/src/descriptors.ts
product-review:009	HIGH	MAIN_SECONDARY_BOUNDARY	sensory.brown_sugar	Brown Sugar	PRODUCT_DEPLOYMENT_RIGHTS_UNKNOWN|WEIGHTS_HEURISTIC						db/data/current/CLEANED_DESCRIPTOR_DISTRIBUTION.tsv|db/data/current/ONTOLOGY_CONSOLIDATION_V2.tsv|db/data/round3h/batch5/relationship_evidence_claims.tsv|packages/flavor-data/src/descriptors.ts
product-review:010	HIGH	MAIN_SECONDARY_BOUNDARY	sensory.almond	Almond	PRODUCT_DEPLOYMENT_RIGHTS_UNKNOWN|WEIGHTS_HEURISTIC						db/data/current/CLEANED_DESCRIPTOR_DISTRIBUTION.tsv|db/data/current/ONTOLOGY_CONSOLIDATION_V2.tsv|db/data/round3h/batch5/relationship_evidence_claims.tsv|packages/flavor-data/src/descriptors.ts
product-review:011	HIGH	MAIN_SECONDARY_BOUNDARY	sensory.hazelnut	Hazelnut	PRODUCT_DEPLOYMENT_RIGHTS_UNKNOWN|WEIGHTS_HEURISTIC						db/data/current/CLEANED_DESCRIPTOR_DISTRIBUTION.tsv|db/data/current/ONTOLOGY_CONSOLIDATION_V2.tsv|db/data/round3h/batch5/relationship_evidence_claims.tsv|packages/flavor-data/src/descriptors.ts
product-review:012	HIGH	MAIN_SECONDARY_BOUNDARY	sensory.dark_chocolate	Dark Chocolate	PRODUCT_DEPLOYMENT_RIGHTS_UNKNOWN|WEIGHTS_HEURISTIC						db/data/current/CLEANED_DESCRIPTOR_DISTRIBUTION.tsv|db/data/current/ONTOLOGY_CONSOLIDATION_V2.tsv|db/data/round3h/batch5/relationship_evidence_claims.tsv|packages/flavor-data/src/descriptors.ts
product-review:013	HIGH	MAIN_SECONDARY_BOUNDARY	sensory.cinnamon	Cinnamon	PRODUCT_DEPLOYMENT_RIGHTS_UNKNOWN|WEIGHTS_HEURISTIC						db/data/current/CLEANED_DESCRIPTOR_DISTRIBUTION.tsv|db/data/current/ONTOLOGY_CONSOLIDATION_V2.tsv|db/data/round3h/batch5/relationship_evidence_claims.tsv|packages/flavor-data/src/descriptors.ts
product-review:014	HIGH	MAIN_SECONDARY_BOUNDARY	sensory.tobacco	Tobacco	PRODUCT_DEPLOYMENT_RIGHTS_UNKNOWN|WEIGHTS_HEURISTIC						db/data/current/CLEANED_DESCRIPTOR_DISTRIBUTION.tsv|db/data/current/ONTOLOGY_CONSOLIDATION_V2.tsv|db/data/round3h/batch5/relationship_evidence_claims.tsv|packages/flavor-data/src/descriptors.ts
product-review:015	HIGH	MAIN_SECONDARY_BOUNDARY	sensory.smoky	Smoky	PRODUCT_DEPLOYMENT_RIGHTS_UNKNOWN|WEIGHTS_HEURISTIC						db/data/current/CLEANED_DESCRIPTOR_DISTRIBUTION.tsv|db/data/current/ONTOLOGY_CONSOLIDATION_V2.tsv|db/data/round3h/batch5/relationship_evidence_claims.tsv|packages/flavor-data/src/descriptors.ts
product-review:016	HIGH	QUESTION_AXIS_PARTITION	family_direction	broad descriptor-family direction	combined family options are research constructs						db/data/round3h/batch5/question_research_evidence.tsv|db/data/round3e/generated/question_candidates.tsv
product-review:017	HIGH	QUESTION_AXIS_PARTITION	fruit_region	specific fruit reference region	named fruit does not establish perceptual equivalence						db/data/round3h/batch5/question_research_evidence.tsv|db/data/round3e/generated/question_candidates.tsv
product-review:018	HIGH	QUESTION_AXIS_PARTITION	browned_sweet_reference	browned sweet, cocoa, or nut reference	sweet taste and sweet-associated references remain distinct						db/data/round3h/batch5/question_research_evidence.tsv|db/data/round3e/generated/question_candidates.tsv
product-review:019	HIGH	QUESTION_AXIS_PARTITION	floral_tea_reference	floral or tea reference	floral and tea are not treated as equivalent						db/data/round3h/batch5/question_research_evidence.tsv|db/data/round3e/generated/question_candidates.tsv
product-review:020	HIGH	QUESTION_AXIS_PARTITION	roast_smoke_reference	spice, smoke, or wood reference	roasted, burnt, smoky, and ashy remain distinct source constructs						db/data/round3h/batch5/question_research_evidence.tsv|db/data/round3e/generated/question_candidates.tsv
product-review:021	HIGH	QUESTION_AXIS_PARTITION	fermentation_character	earthy, fermented, or wine-like reference	process-linked language requires contextual interpretation						db/data/current/CLEANED_DESCRIPTOR_DISTRIBUTION.tsv|db/data/round3g/question_target_reviews.tsv
product-review:022	HIGH	QUESTION_AXIS_PARTITION	acidity_character	citrus-like versus other fruit-associated acidity reference	citrus descriptors are not acidity measurements						db/data/round3h/batch5/question_research_evidence.tsv|db/data/round3e/generated/question_candidates.tsv
product-review:023	HIGH	QUESTION_AXIS_PARTITION	texture_character	mouthfeel and tactile sensation	no admitted candidate concepts in this flavor-only simulator						db/data/round3h/batch5/question_research_evidence.tsv|db/data/round3e/generated/question_candidates.tsv
product-review:024	HIGH	CONTEXT_PRIOR_DISAGREEMENT	prior:preparation.family.filter_percolation:extremely_light:sensory.honey	sensory.honey	WEAK_SOURCE_LOCAL_WITHIN_STUDY_DIFFERENCE						db/022_round3b_context_governance.sql|db/data/round3m/C0_C1_EVIDENCE_RECEIPT.json|db/data/round3h/batch1/vezzulli_2022_table2_sensory_medians.tsv
product-review:025	HIGH	CONTEXT_PRIOR_DISAGREEMENT	prior:preparation.family.filter_percolation:extremely_light:sensory.caramel	sensory.caramel	WEAK_SOURCE_LOCAL_WITHIN_STUDY_DIFFERENCE						db/022_round3b_context_governance.sql|db/data/round3m/C0_C1_EVIDENCE_RECEIPT.json|db/data/round3h/batch1/vezzulli_2022_table2_sensory_medians.tsv
product-review:026	HIGH	CONTEXT_PRIOR_DISAGREEMENT	prior:preparation.family.filter_percolation:light:sensory.honey	sensory.honey	WEAK_SOURCE_LOCAL_WITHIN_STUDY_DIFFERENCE						db/022_round3b_context_governance.sql|db/data/round3m/C0_C1_EVIDENCE_RECEIPT.json|db/data/round3h/batch1/vezzulli_2022_table2_sensory_medians.tsv
product-review:027	HIGH	CONTEXT_PRIOR_DISAGREEMENT	prior:preparation.family.filter_percolation:light:sensory.caramel	sensory.caramel	WEAK_SOURCE_LOCAL_WITHIN_STUDY_DIFFERENCE						db/022_round3b_context_governance.sql|db/data/round3m/C0_C1_EVIDENCE_RECEIPT.json|db/data/round3h/batch1/vezzulli_2022_table2_sensory_medians.tsv
product-review:028	HIGH	CONTEXT_PRIOR_DISAGREEMENT	prior:preparation.family.filter_percolation:medium_light:sensory.honey	sensory.honey	WEAK_SOURCE_LOCAL_WITHIN_STUDY_DIFFERENCE						db/022_round3b_context_governance.sql|db/data/round3m/C0_C1_EVIDENCE_RECEIPT.json|db/data/round3h/batch1/vezzulli_2022_table2_sensory_medians.tsv
product-review:029	HIGH	CONTEXT_PRIOR_DISAGREEMENT	prior:preparation.family.filter_percolation:medium_light:sensory.caramel	sensory.caramel	WEAK_SOURCE_LOCAL_WITHIN_STUDY_DIFFERENCE						db/022_round3b_context_governance.sql|db/data/round3m/C0_C1_EVIDENCE_RECEIPT.json|db/data/round3h/batch1/vezzulli_2022_table2_sensory_medians.tsv
product-review:030	HIGH	CONTEXT_PRIOR_DISAGREEMENT	prior:preparation.family.filter_percolation:medium:sensory.honey	sensory.honey	WEAK_SOURCE_LOCAL_WITHIN_STUDY_DIFFERENCE						db/022_round3b_context_governance.sql|db/data/round3m/C0_C1_EVIDENCE_RECEIPT.json|db/data/round3h/batch1/vezzulli_2022_table2_sensory_medians.tsv
product-review:031	HIGH	CONTEXT_PRIOR_DISAGREEMENT	prior:preparation.family.filter_percolation:medium:sensory.caramel	sensory.caramel	WEAK_SOURCE_LOCAL_WITHIN_STUDY_DIFFERENCE						db/022_round3b_context_governance.sql|db/data/round3m/C0_C1_EVIDENCE_RECEIPT.json|db/data/round3h/batch1/vezzulli_2022_table2_sensory_medians.tsv
product-review:032	HIGH	CONTEXT_PRIOR_DISAGREEMENT	prior:preparation.family.filter_percolation:medium_dark:sensory.honey	sensory.honey	WEAK_SOURCE_LOCAL_WITHIN_STUDY_DIFFERENCE						db/022_round3b_context_governance.sql|db/data/round3m/C0_C1_EVIDENCE_RECEIPT.json|db/data/round3h/batch1/vezzulli_2022_table2_sensory_medians.tsv
product-review:033	HIGH	CONTEXT_PRIOR_DISAGREEMENT	prior:preparation.family.filter_percolation:medium_dark:sensory.caramel	sensory.caramel	WEAK_SOURCE_LOCAL_WITHIN_STUDY_DIFFERENCE						db/022_round3b_context_governance.sql|db/data/round3m/C0_C1_EVIDENCE_RECEIPT.json|db/data/round3h/batch1/vezzulli_2022_table2_sensory_medians.tsv
product-review:034	HIGH	CONTEXT_PRIOR_DISAGREEMENT	prior:preparation.family.filter_percolation:dark:sensory.honey	sensory.honey	WEAK_SOURCE_LOCAL_WITHIN_STUDY_DIFFERENCE						db/022_round3b_context_governance.sql|db/data/round3m/C0_C1_EVIDENCE_RECEIPT.json|db/data/round3h/batch1/vezzulli_2022_table2_sensory_medians.tsv
product-review:035	HIGH	CONTEXT_PRIOR_DISAGREEMENT	prior:preparation.family.filter_percolation:dark:sensory.caramel	sensory.caramel	WEAK_SOURCE_LOCAL_WITHIN_STUDY_DIFFERENCE						db/022_round3b_context_governance.sql|db/data/round3m/C0_C1_EVIDENCE_RECEIPT.json|db/data/round3h/batch1/vezzulli_2022_table2_sensory_medians.tsv
product-review:036	HIGH	CONTEXT_PRIOR_DISAGREEMENT	prior:preparation.family.filter_percolation:extremely_dark:sensory.honey	sensory.honey	WEAK_SOURCE_LOCAL_WITHIN_STUDY_DIFFERENCE						db/022_round3b_context_governance.sql|db/data/round3m/C0_C1_EVIDENCE_RECEIPT.json|db/data/round3h/batch1/vezzulli_2022_table2_sensory_medians.tsv
product-review:037	HIGH	CONTEXT_PRIOR_DISAGREEMENT	prior:preparation.family.filter_percolation:extremely_dark:sensory.caramel	sensory.caramel	WEAK_SOURCE_LOCAL_WITHIN_STUDY_DIFFERENCE						db/022_round3b_context_governance.sql|db/data/round3m/C0_C1_EVIDENCE_RECEIPT.json|db/data/round3h/batch1/vezzulli_2022_table2_sensory_medians.tsv
product-review:038	HIGH	CONTEXT_PRIOR_DISAGREEMENT	prior:preparation.family.espresso_pressure:extremely_light:sensory.honey	sensory.honey	WEAK_SOURCE_LOCAL_WITHIN_STUDY_DIFFERENCE						db/022_round3b_context_governance.sql|db/data/round3m/C0_C1_EVIDENCE_RECEIPT.json|db/data/round3h/batch1/vezzulli_2022_table2_sensory_medians.tsv
product-review:039	HIGH	AMBIGUOUS_CROSS_FORM_MAPPING	cross-form:01:sensory.orange	Orange	Approve, reject, revise, or defer the exploratory mapping boundary.						db/data/current/CLEANED_DESCRIPTOR_DISTRIBUTION.tsv|db/data/current/ONTOLOGY_CONSOLIDATION_V2.tsv|db/data/round3h/batch5/relationship_evidence_claims.tsv|packages/flavor-data/src/descriptors.ts
product-review:040	HIGH	AMBIGUOUS_CROSS_FORM_MAPPING	cross-form:02:sensory.caramel	Caramel	Approve, reject, revise, or defer the exploratory mapping boundary.						db/data/current/CLEANED_DESCRIPTOR_DISTRIBUTION.tsv|db/data/current/ONTOLOGY_CONSOLIDATION_V2.tsv|db/data/round3h/batch5/relationship_evidence_claims.tsv|packages/flavor-data/src/descriptors.ts
product-review:041	MEDIUM	AMBIGUOUS_CROSS_FORM_MAPPING	cross-form:03:sensory.lemon	Lemon	Approve, reject, revise, or defer the exploratory mapping boundary.						db/data/current/CLEANED_DESCRIPTOR_DISTRIBUTION.tsv|db/data/current/ONTOLOGY_CONSOLIDATION_V2.tsv|db/data/round3h/batch5/relationship_evidence_claims.tsv|packages/flavor-data/src/descriptors.ts
product-review:042	MEDIUM	AMBIGUOUS_CROSS_FORM_MAPPING	cross-form:04:sensory.honey	Honey	Approve, reject, revise, or defer the exploratory mapping boundary.						db/data/current/CLEANED_DESCRIPTOR_DISTRIBUTION.tsv|db/data/current/ONTOLOGY_CONSOLIDATION_V2.tsv|db/data/round3h/batch5/relationship_evidence_claims.tsv|packages/flavor-data/src/descriptors.ts
product-review:043	MEDIUM	AMBIGUOUS_CROSS_FORM_MAPPING	cross-form:05:sensory.jasmine	Jasmine	Approve, reject, revise, or defer the exploratory mapping boundary.						db/data/current/CLEANED_DESCRIPTOR_DISTRIBUTION.tsv|db/data/current/ONTOLOGY_CONSOLIDATION_V2.tsv|db/data/round3h/batch5/relationship_evidence_claims.tsv|packages/flavor-data/src/descriptors.ts
product-review:044	MEDIUM	AMBIGUOUS_CROSS_FORM_MAPPING	cross-form:06:sensory.almond	Almond	Approve, reject, revise, or defer the exploratory mapping boundary.						db/data/current/CLEANED_DESCRIPTOR_DISTRIBUTION.tsv|db/data/current/ONTOLOGY_CONSOLIDATION_V2.tsv|db/data/round3h/batch5/relationship_evidence_claims.tsv|packages/flavor-data/src/descriptors.ts
product-review:045	MEDIUM	AMBIGUOUS_CROSS_FORM_MAPPING	cross-form:07:sensory.blueberry	Blueberry	Approve, reject, revise, or defer the exploratory mapping boundary.						db/data/current/CLEANED_DESCRIPTOR_DISTRIBUTION.tsv|db/data/current/ONTOLOGY_CONSOLIDATION_V2.tsv|db/data/round3h/batch5/relationship_evidence_claims.tsv|packages/flavor-data/src/descriptors.ts
product-review:046	MEDIUM	AMBIGUOUS_CROSS_FORM_MAPPING	cross-form:08:sensory.rose	Rose	Approve, reject, revise, or defer the exploratory mapping boundary.						db/data/current/CLEANED_DESCRIPTOR_DISTRIBUTION.tsv|db/data/current/ONTOLOGY_CONSOLIDATION_V2.tsv|db/data/round3h/batch5/relationship_evidence_claims.tsv|packages/flavor-data/src/descriptors.ts
product-review:047	MEDIUM	AMBIGUOUS_CROSS_FORM_MAPPING	cross-form:09:sensory.hazelnut	Hazelnut	Approve, reject, revise, or defer the exploratory mapping boundary.						db/data/current/CLEANED_DESCRIPTOR_DISTRIBUTION.tsv|db/data/current/ONTOLOGY_CONSOLIDATION_V2.tsv|db/data/round3h/batch5/relationship_evidence_claims.tsv|packages/flavor-data/src/descriptors.ts
product-review:048	MEDIUM	AMBIGUOUS_CROSS_FORM_MAPPING	cross-form:10:sensory.cinnamon	Cinnamon	Approve, reject, revise, or defer the exploratory mapping boundary.						db/data/current/CLEANED_DESCRIPTOR_DISTRIBUTION.tsv|db/data/current/ONTOLOGY_CONSOLIDATION_V2.tsv|db/data/round3h/batch5/relationship_evidence_claims.tsv|packages/flavor-data/src/descriptors.ts
product-review:049	MEDIUM	REDUNDANT_OUTPUT_PAIR	sensory.lemon|sensory.orange	Lemon / Orange	Confirm distinctness, redundancy group, and output-tier treatment.						db/data/current/CLEANED_DESCRIPTOR_DISTRIBUTION.tsv|db/data/current/ONTOLOGY_CONSOLIDATION_V2.tsv|db/data/round3h/batch5/relationship_evidence_claims.tsv|packages/flavor-data/src/descriptors.ts|db/data/current/CLEANED_DESCRIPTOR_DISTRIBUTION.tsv|db/data/current/ONTOLOGY_CONSOLIDATION_V2.tsv|db/data/round3h/batch5/relationship_evidence_claims.tsv|packages/flavor-data/src/descriptors.ts
product-review:050	MEDIUM	REDUNDANT_OUTPUT_PAIR	sensory.caramel|sensory.brown_sugar	Caramel / Brown Sugar	Confirm distinctness, redundancy group, and output-tier treatment.						db/data/current/CLEANED_DESCRIPTOR_DISTRIBUTION.tsv|db/data/current/ONTOLOGY_CONSOLIDATION_V2.tsv|db/data/round3h/batch5/relationship_evidence_claims.tsv|packages/flavor-data/src/descriptors.ts|db/data/current/CLEANED_DESCRIPTOR_DISTRIBUTION.tsv|db/data/current/ONTOLOGY_CONSOLIDATION_V2.tsv|db/data/round3h/batch5/relationship_evidence_claims.tsv|packages/flavor-data/src/descriptors.ts
product-review:051	MEDIUM	REDUNDANT_OUTPUT_PAIR	sensory.almond|sensory.hazelnut	Almond / Hazelnut	Confirm distinctness, redundancy group, and output-tier treatment.						db/data/current/CLEANED_DESCRIPTOR_DISTRIBUTION.tsv|db/data/current/ONTOLOGY_CONSOLIDATION_V2.tsv|db/data/round3h/batch5/relationship_evidence_claims.tsv|packages/flavor-data/src/descriptors.ts|db/data/current/CLEANED_DESCRIPTOR_DISTRIBUTION.tsv|db/data/current/ONTOLOGY_CONSOLIDATION_V2.tsv|db/data/round3h/batch5/relationship_evidence_claims.tsv|packages/flavor-data/src/descriptors.ts
product-review:052	MEDIUM	REDUNDANT_OUTPUT_PAIR	sensory.tobacco|sensory.cedar	Tobacco / Cedar	Confirm distinctness, redundancy group, and output-tier treatment.						db/data/current/CLEANED_DESCRIPTOR_DISTRIBUTION.tsv|db/data/current/ONTOLOGY_CONSOLIDATION_V2.tsv|db/data/round3h/batch5/relationship_evidence_claims.tsv|packages/flavor-data/src/descriptors.ts|db/data/current/CLEANED_DESCRIPTOR_DISTRIBUTION.tsv|db/data/current/ONTOLOGY_CONSOLIDATION_V2.tsv|db/data/round3h/batch5/relationship_evidence_claims.tsv|packages/flavor-data/src/descriptors.ts
product-review:053	MEDIUM	REDUNDANT_OUTPUT_PAIR	sensory.orange|sensory.blueberry	Orange / Blueberry	Confirm distinctness, redundancy group, and output-tier treatment.						db/data/current/CLEANED_DESCRIPTOR_DISTRIBUTION.tsv|db/data/current/ONTOLOGY_CONSOLIDATION_V2.tsv|db/data/round3h/batch5/relationship_evidence_claims.tsv|packages/flavor-data/src/descriptors.ts|db/data/current/CLEANED_DESCRIPTOR_DISTRIBUTION.tsv|db/data/current/ONTOLOGY_CONSOLIDATION_V2.tsv|db/data/round3h/batch5/relationship_evidence_claims.tsv|packages/flavor-data/src/descriptors.ts
product-review:054	MEDIUM	REDUNDANT_OUTPUT_PAIR	sensory.blueberry|sensory.honey	Blueberry / Honey	Confirm distinctness, redundancy group, and output-tier treatment.						db/data/current/CLEANED_DESCRIPTOR_DISTRIBUTION.tsv|db/data/current/ONTOLOGY_CONSOLIDATION_V2.tsv|db/data/round3h/batch5/relationship_evidence_claims.tsv|packages/flavor-data/src/descriptors.ts|db/data/current/CLEANED_DESCRIPTOR_DISTRIBUTION.tsv|db/data/current/ONTOLOGY_CONSOLIDATION_V2.tsv|db/data/round3h/batch5/relationship_evidence_claims.tsv|packages/flavor-data/src/descriptors.ts
product-review:055	MEDIUM	REDUNDANT_OUTPUT_PAIR	sensory.honey|sensory.caramel	Honey / Caramel	Confirm distinctness, redundancy group, and output-tier treatment.						db/data/current/CLEANED_DESCRIPTOR_DISTRIBUTION.tsv|db/data/current/ONTOLOGY_CONSOLIDATION_V2.tsv|db/data/round3h/batch5/relationship_evidence_claims.tsv|packages/flavor-data/src/descriptors.ts|db/data/current/CLEANED_DESCRIPTOR_DISTRIBUTION.tsv|db/data/current/ONTOLOGY_CONSOLIDATION_V2.tsv|db/data/round3h/batch5/relationship_evidence_claims.tsv|packages/flavor-data/src/descriptors.ts
product-review:056	MEDIUM	REDUNDANT_OUTPUT_PAIR	sensory.caramel|sensory.brown_sugar	Caramel / Brown Sugar	Confirm distinctness, redundancy group, and output-tier treatment.						db/data/current/CLEANED_DESCRIPTOR_DISTRIBUTION.tsv|db/data/current/ONTOLOGY_CONSOLIDATION_V2.tsv|db/data/round3h/batch5/relationship_evidence_claims.tsv|packages/flavor-data/src/descriptors.ts|db/data/current/CLEANED_DESCRIPTOR_DISTRIBUTION.tsv|db/data/current/ONTOLOGY_CONSOLIDATION_V2.tsv|db/data/round3h/batch5/relationship_evidence_claims.tsv|packages/flavor-data/src/descriptors.ts
product-review:057	MEDIUM	REDUNDANT_OUTPUT_PAIR	sensory.brown_sugar|sensory.almond	Brown Sugar / Almond	Confirm distinctness, redundancy group, and output-tier treatment.						db/data/current/CLEANED_DESCRIPTOR_DISTRIBUTION.tsv|db/data/current/ONTOLOGY_CONSOLIDATION_V2.tsv|db/data/round3h/batch5/relationship_evidence_claims.tsv|packages/flavor-data/src/descriptors.ts|db/data/current/CLEANED_DESCRIPTOR_DISTRIBUTION.tsv|db/data/current/ONTOLOGY_CONSOLIDATION_V2.tsv|db/data/round3h/batch5/relationship_evidence_claims.tsv|packages/flavor-data/src/descriptors.ts
product-review:058	MEDIUM	REDUNDANT_OUTPUT_PAIR	sensory.almond|sensory.hazelnut	Almond / Hazelnut	Confirm distinctness, redundancy group, and output-tier treatment.						db/data/current/CLEANED_DESCRIPTOR_DISTRIBUTION.tsv|db/data/current/ONTOLOGY_CONSOLIDATION_V2.tsv|db/data/round3h/batch5/relationship_evidence_claims.tsv|packages/flavor-data/src/descriptors.ts|db/data/current/CLEANED_DESCRIPTOR_DISTRIBUTION.tsv|db/data/current/ONTOLOGY_CONSOLIDATION_V2.tsv|db/data/round3h/batch5/relationship_evidence_claims.tsv|packages/flavor-data/src/descriptors.ts
product-review:059	MEDIUM	CONFLICTING_EVIDENCE	conflict-01	ABSTAINED_CONFLICT	CONFLICTING_USER_ANSWERS						db/data/product-inference-v0/PRODUCT_CONCEPT_CANDIDATE.tsv|db/data/product-inference-v0/PRODUCT_CONTEXT_PRIOR.tsv|db/data/product-inference-v0/PRODUCT_ANSWER_EFFECT.tsv
product-review:060	MEDIUM	CONFLICTING_EVIDENCE	conflict-02	ABSTAINED_CONFLICT	CONFLICTING_USER_ANSWERS						db/data/product-inference-v0/PRODUCT_CONCEPT_CANDIDATE.tsv|db/data/product-inference-v0/PRODUCT_CONTEXT_PRIOR.tsv|db/data/product-inference-v0/PRODUCT_ANSWER_EFFECT.tsv
product-review:061	MEDIUM	CONFLICTING_EVIDENCE	conflict-03	ABSTAINED_CONFLICT	CONFLICTING_USER_ANSWERS						db/data/product-inference-v0/PRODUCT_CONCEPT_CANDIDATE.tsv|db/data/product-inference-v0/PRODUCT_CONTEXT_PRIOR.tsv|db/data/product-inference-v0/PRODUCT_ANSWER_EFFECT.tsv
product-review:062	MEDIUM	CONFLICTING_EVIDENCE	conflict-04	ABSTAINED_CONFLICT	CONFLICTING_USER_ANSWERS						db/data/product-inference-v0/PRODUCT_CONCEPT_CANDIDATE.tsv|db/data/product-inference-v0/PRODUCT_CONTEXT_PRIOR.tsv|db/data/product-inference-v0/PRODUCT_ANSWER_EFFECT.tsv
product-review:063	MEDIUM	CONFLICTING_EVIDENCE	conflict-05	ABSTAINED_CONFLICT	CONFLICTING_USER_ANSWERS						db/data/product-inference-v0/PRODUCT_CONCEPT_CANDIDATE.tsv|db/data/product-inference-v0/PRODUCT_CONTEXT_PRIOR.tsv|db/data/product-inference-v0/PRODUCT_ANSWER_EFFECT.tsv
product-review:064	MEDIUM	CONFLICTING_EVIDENCE	conflict-06	ABSTAINED_CONFLICT	CONFLICTING_USER_ANSWERS						db/data/product-inference-v0/PRODUCT_CONCEPT_CANDIDATE.tsv|db/data/product-inference-v0/PRODUCT_CONTEXT_PRIOR.tsv|db/data/product-inference-v0/PRODUCT_ANSWER_EFFECT.tsv
product-review:065	MEDIUM	CONFLICTING_EVIDENCE	conflict-07	ABSTAINED_CONFLICT	CONFLICTING_USER_ANSWERS						db/data/product-inference-v0/PRODUCT_CONCEPT_CANDIDATE.tsv|db/data/product-inference-v0/PRODUCT_CONTEXT_PRIOR.tsv|db/data/product-inference-v0/PRODUCT_ANSWER_EFFECT.tsv
product-review:066	MEDIUM	CONFLICTING_EVIDENCE	conflict-08	ABSTAINED_CONFLICT	CONFLICTING_USER_ANSWERS						db/data/product-inference-v0/PRODUCT_CONCEPT_CANDIDATE.tsv|db/data/product-inference-v0/PRODUCT_CONTEXT_PRIOR.tsv|db/data/product-inference-v0/PRODUCT_ANSWER_EFFECT.tsv
product-review:067	MEDIUM	OPEN_SET_CASE	open-set-01	ABSTAINED_OPEN_SET	UNKNOWN_DESCRIPTOR_TARGET|OPEN_SET_EXPRESSION						db/data/product-inference-v0/PRODUCT_CONCEPT_CANDIDATE.tsv|db/data/product-inference-v0/PRODUCT_CONTEXT_PRIOR.tsv|db/data/product-inference-v0/PRODUCT_ANSWER_EFFECT.tsv
product-review:068	MEDIUM	OPEN_SET_CASE	open-set-02	ABSTAINED_OPEN_SET	UNKNOWN_DESCRIPTOR_TARGET|OPEN_SET_EXPRESSION						db/data/product-inference-v0/PRODUCT_CONCEPT_CANDIDATE.tsv|db/data/product-inference-v0/PRODUCT_CONTEXT_PRIOR.tsv|db/data/product-inference-v0/PRODUCT_ANSWER_EFFECT.tsv
product-review:069	MEDIUM	OPEN_SET_CASE	open-set-03	ABSTAINED_OPEN_SET	UNKNOWN_DESCRIPTOR_TARGET|OPEN_SET_EXPRESSION						db/data/product-inference-v0/PRODUCT_CONCEPT_CANDIDATE.tsv|db/data/product-inference-v0/PRODUCT_CONTEXT_PRIOR.tsv|db/data/product-inference-v0/PRODUCT_ANSWER_EFFECT.tsv
product-review:070	MEDIUM	OPEN_SET_CASE	open-set-04	ABSTAINED_OPEN_SET	UNKNOWN_DESCRIPTOR_TARGET|OPEN_SET_EXPRESSION						db/data/product-inference-v0/PRODUCT_CONCEPT_CANDIDATE.tsv|db/data/product-inference-v0/PRODUCT_CONTEXT_PRIOR.tsv|db/data/product-inference-v0/PRODUCT_ANSWER_EFFECT.tsv
product-review:071	MEDIUM	OPEN_SET_CASE	open-set-05	ABSTAINED_OPEN_SET	UNKNOWN_DESCRIPTOR_TARGET|OPEN_SET_EXPRESSION						db/data/product-inference-v0/PRODUCT_CONCEPT_CANDIDATE.tsv|db/data/product-inference-v0/PRODUCT_CONTEXT_PRIOR.tsv|db/data/product-inference-v0/PRODUCT_ANSWER_EFFECT.tsv
product-review:072	MEDIUM	OPEN_SET_CASE	open-set-06	ABSTAINED_OPEN_SET	UNKNOWN_DESCRIPTOR_TARGET|OPEN_SET_EXPRESSION						db/data/product-inference-v0/PRODUCT_CONCEPT_CANDIDATE.tsv|db/data/product-inference-v0/PRODUCT_CONTEXT_PRIOR.tsv|db/data/product-inference-v0/PRODUCT_ANSWER_EFFECT.tsv
product-review:073	MEDIUM	OPEN_SET_CASE	open-set-07	ABSTAINED_OPEN_SET	UNKNOWN_DESCRIPTOR_TARGET|OPEN_SET_EXPRESSION						db/data/product-inference-v0/PRODUCT_CONCEPT_CANDIDATE.tsv|db/data/product-inference-v0/PRODUCT_CONTEXT_PRIOR.tsv|db/data/product-inference-v0/PRODUCT_ANSWER_EFFECT.tsv
product-review:074	MEDIUM	OPEN_SET_CASE	open-set-08	ABSTAINED_OPEN_SET	UNKNOWN_DESCRIPTOR_TARGET|OPEN_SET_EXPRESSION						db/data/product-inference-v0/PRODUCT_CONCEPT_CANDIDATE.tsv|db/data/product-inference-v0/PRODUCT_CONTEXT_PRIOR.tsv|db/data/product-inference-v0/PRODUCT_ANSWER_EFFECT.tsv
product-review:075	MEDIUM	RIGHTS_SENSITIVE_CASE	rights-blocked-01	ABSTAINED_RIGHTS_BLOCKED	NO_RIGHTS_ELIGIBLE_EVIDENCE						db/data/product-inference-v0/PRODUCT_CONCEPT_CANDIDATE.tsv|db/data/product-inference-v0/PRODUCT_CONTEXT_PRIOR.tsv|db/data/product-inference-v0/PRODUCT_ANSWER_EFFECT.tsv
product-review:076	MEDIUM	RIGHTS_SENSITIVE_CASE	rights-blocked-02	ABSTAINED_RIGHTS_BLOCKED	NO_RIGHTS_ELIGIBLE_EVIDENCE						db/data/product-inference-v0/PRODUCT_CONCEPT_CANDIDATE.tsv|db/data/product-inference-v0/PRODUCT_CONTEXT_PRIOR.tsv|db/data/product-inference-v0/PRODUCT_ANSWER_EFFECT.tsv
product-review:077	MEDIUM	RIGHTS_SENSITIVE_CASE	rights-blocked-03	ABSTAINED_RIGHTS_BLOCKED	NO_RIGHTS_ELIGIBLE_EVIDENCE						db/data/product-inference-v0/PRODUCT_CONCEPT_CANDIDATE.tsv|db/data/product-inference-v0/PRODUCT_CONTEXT_PRIOR.tsv|db/data/product-inference-v0/PRODUCT_ANSWER_EFFECT.tsv
product-review:078	MEDIUM	RIGHTS_SENSITIVE_CASE	rights-blocked-04	ABSTAINED_RIGHTS_BLOCKED	NO_RIGHTS_ELIGIBLE_EVIDENCE						db/data/product-inference-v0/PRODUCT_CONCEPT_CANDIDATE.tsv|db/data/product-inference-v0/PRODUCT_CONTEXT_PRIOR.tsv|db/data/product-inference-v0/PRODUCT_ANSWER_EFFECT.tsv
product-review:079	MEDIUM	RIGHTS_SENSITIVE_CASE	rights-blocked-05	ABSTAINED_RIGHTS_BLOCKED	NO_RIGHTS_ELIGIBLE_EVIDENCE						db/data/product-inference-v0/PRODUCT_CONCEPT_CANDIDATE.tsv|db/data/product-inference-v0/PRODUCT_CONTEXT_PRIOR.tsv|db/data/product-inference-v0/PRODUCT_ANSWER_EFFECT.tsv
product-review:080	MEDIUM	RIGHTS_SENSITIVE_CASE	rights-blocked-06	ABSTAINED_RIGHTS_BLOCKED	NO_RIGHTS_ELIGIBLE_EVIDENCE						db/data/product-inference-v0/PRODUCT_CONCEPT_CANDIDATE.tsv|db/data/product-inference-v0/PRODUCT_CONTEXT_PRIOR.tsv|db/data/product-inference-v0/PRODUCT_ANSWER_EFFECT.tsv
product-review:081	MEDIUM	RIGHTS_SENSITIVE_CASE	rights-blocked-07	ABSTAINED_RIGHTS_BLOCKED	NO_RIGHTS_ELIGIBLE_EVIDENCE						db/data/product-inference-v0/PRODUCT_CONCEPT_CANDIDATE.tsv|db/data/product-inference-v0/PRODUCT_CONTEXT_PRIOR.tsv|db/data/product-inference-v0/PRODUCT_ANSWER_EFFECT.tsv
product-review:082	MEDIUM	RIGHTS_SENSITIVE_CASE	rights-blocked-08	ABSTAINED_RIGHTS_BLOCKED	NO_RIGHTS_ELIGIBLE_EVIDENCE						db/data/product-inference-v0/PRODUCT_CONCEPT_CANDIDATE.tsv|db/data/product-inference-v0/PRODUCT_CONTEXT_PRIOR.tsv|db/data/product-inference-v0/PRODUCT_ANSWER_EFFECT.tsv
product-review:083	MEDIUM	SOURCE_FAMILY_DOMINANCE	sensory.caramel	Caramel	Review whether aggregate volume or correlated source families distort the boundary.						db/data/current/CLEANED_DESCRIPTOR_DISTRIBUTION.tsv|db/data/current/ONTOLOGY_CONSOLIDATION_V2.tsv|db/data/round3h/batch5/relationship_evidence_claims.tsv|packages/flavor-data/src/descriptors.ts
product-review:084	MEDIUM	SOURCE_FAMILY_DOMINANCE	sensory.orange	Orange	Review whether aggregate volume or correlated source families distort the boundary.						db/data/current/CLEANED_DESCRIPTOR_DISTRIBUTION.tsv|db/data/current/ONTOLOGY_CONSOLIDATION_V2.tsv|db/data/round3h/batch5/relationship_evidence_claims.tsv|packages/flavor-data/src/descriptors.ts
product-review:085	MEDIUM	SOURCE_FAMILY_DOMINANCE	sensory.lemon	Lemon	Review whether aggregate volume or correlated source families distort the boundary.						db/data/current/CLEANED_DESCRIPTOR_DISTRIBUTION.tsv|db/data/current/ONTOLOGY_CONSOLIDATION_V2.tsv|db/data/round3h/batch5/relationship_evidence_claims.tsv|packages/flavor-data/src/descriptors.ts
product-review:086	MEDIUM	SOURCE_FAMILY_DOMINANCE	sensory.honey	Honey	Review whether aggregate volume or correlated source families distort the boundary.						db/data/current/CLEANED_DESCRIPTOR_DISTRIBUTION.tsv|db/data/current/ONTOLOGY_CONSOLIDATION_V2.tsv|db/data/round3h/batch5/relationship_evidence_claims.tsv|packages/flavor-data/src/descriptors.ts
product-review:087	MEDIUM	SOURCE_FAMILY_DOMINANCE	sensory.brown_sugar	Brown Sugar	Review whether aggregate volume or correlated source families distort the boundary.						db/data/current/CLEANED_DESCRIPTOR_DISTRIBUTION.tsv|db/data/current/ONTOLOGY_CONSOLIDATION_V2.tsv|db/data/round3h/batch5/relationship_evidence_claims.tsv|packages/flavor-data/src/descriptors.ts
product-review:088	MEDIUM	SOURCE_FAMILY_DOMINANCE	sensory.dark_chocolate	Dark Chocolate	Review whether aggregate volume or correlated source families distort the boundary.						db/data/current/CLEANED_DESCRIPTOR_DISTRIBUTION.tsv|db/data/current/ONTOLOGY_CONSOLIDATION_V2.tsv|db/data/round3h/batch5/relationship_evidence_claims.tsv|packages/flavor-data/src/descriptors.ts
product-review:089	MEDIUM	SOURCE_FAMILY_DOMINANCE	sensory.jasmine	Jasmine	Review whether aggregate volume or correlated source families distort the boundary.						db/data/current/CLEANED_DESCRIPTOR_DISTRIBUTION.tsv|db/data/current/ONTOLOGY_CONSOLIDATION_V2.tsv|db/data/round3h/batch5/relationship_evidence_claims.tsv|packages/flavor-data/src/descriptors.ts
product-review:090	MEDIUM	SOURCE_FAMILY_DOMINANCE	sensory.blueberry	Blueberry	Review whether aggregate volume or correlated source families distort the boundary.						db/data/current/CLEANED_DESCRIPTOR_DISTRIBUTION.tsv|db/data/current/ONTOLOGY_CONSOLIDATION_V2.tsv|db/data/round3h/batch5/relationship_evidence_claims.tsv|packages/flavor-data/src/descriptors.ts
product-review:091	MEDIUM	SOURCE_FAMILY_DOMINANCE	sensory.cinnamon	Cinnamon	Review whether aggregate volume or correlated source families distort the boundary.						db/data/current/CLEANED_DESCRIPTOR_DISTRIBUTION.tsv|db/data/current/ONTOLOGY_CONSOLIDATION_V2.tsv|db/data/round3h/batch5/relationship_evidence_claims.tsv|packages/flavor-data/src/descriptors.ts
product-review:092	MEDIUM	SOURCE_FAMILY_DOMINANCE	sensory.almond	Almond	Review whether aggregate volume or correlated source families distort the boundary.						db/data/current/CLEANED_DESCRIPTOR_DISTRIBUTION.tsv|db/data/current/ONTOLOGY_CONSOLIDATION_V2.tsv|db/data/round3h/batch5/relationship_evidence_claims.tsv|packages/flavor-data/src/descriptors.ts
product-review:093	MEDIUM	REVIEW_REQUIRED_RANKING_EFFECT	ranking-review:01:sensory.orange	Orange	Confirm that exploratory relations remain non-primary and choose an explicit disposition.						db/data/current/CLEANED_DESCRIPTOR_DISTRIBUTION.tsv|db/data/current/ONTOLOGY_CONSOLIDATION_V2.tsv|db/data/round3h/batch5/relationship_evidence_claims.tsv|packages/flavor-data/src/descriptors.ts
product-review:094	MEDIUM	REVIEW_REQUIRED_RANKING_EFFECT	ranking-review:02:sensory.caramel	Caramel	Confirm that exploratory relations remain non-primary and choose an explicit disposition.						db/data/current/CLEANED_DESCRIPTOR_DISTRIBUTION.tsv|db/data/current/ONTOLOGY_CONSOLIDATION_V2.tsv|db/data/round3h/batch5/relationship_evidence_claims.tsv|packages/flavor-data/src/descriptors.ts
product-review:095	MEDIUM	REVIEW_REQUIRED_RANKING_EFFECT	ranking-review:03:sensory.lemon	Lemon	Confirm that exploratory relations remain non-primary and choose an explicit disposition.						db/data/current/CLEANED_DESCRIPTOR_DISTRIBUTION.tsv|db/data/current/ONTOLOGY_CONSOLIDATION_V2.tsv|db/data/round3h/batch5/relationship_evidence_claims.tsv|packages/flavor-data/src/descriptors.ts
product-review:096	MEDIUM	REVIEW_REQUIRED_RANKING_EFFECT	ranking-review:04:sensory.honey	Honey	Confirm that exploratory relations remain non-primary and choose an explicit disposition.						db/data/current/CLEANED_DESCRIPTOR_DISTRIBUTION.tsv|db/data/current/ONTOLOGY_CONSOLIDATION_V2.tsv|db/data/round3h/batch5/relationship_evidence_claims.tsv|packages/flavor-data/src/descriptors.ts
product-review:097	MEDIUM	REVIEW_REQUIRED_RANKING_EFFECT	ranking-review:05:sensory.jasmine	Jasmine	Confirm that exploratory relations remain non-primary and choose an explicit disposition.						db/data/current/CLEANED_DESCRIPTOR_DISTRIBUTION.tsv|db/data/current/ONTOLOGY_CONSOLIDATION_V2.tsv|db/data/round3h/batch5/relationship_evidence_claims.tsv|packages/flavor-data/src/descriptors.ts
product-review:098	MEDIUM	REVIEW_REQUIRED_RANKING_EFFECT	ranking-review:06:sensory.almond	Almond	Confirm that exploratory relations remain non-primary and choose an explicit disposition.						db/data/current/CLEANED_DESCRIPTOR_DISTRIBUTION.tsv|db/data/current/ONTOLOGY_CONSOLIDATION_V2.tsv|db/data/round3h/batch5/relationship_evidence_claims.tsv|packages/flavor-data/src/descriptors.ts
product-review:099	MEDIUM	REVIEW_REQUIRED_RANKING_EFFECT	ranking-review:07:sensory.blueberry	Blueberry	Confirm that exploratory relations remain non-primary and choose an explicit disposition.						db/data/current/CLEANED_DESCRIPTOR_DISTRIBUTION.tsv|db/data/current/ONTOLOGY_CONSOLIDATION_V2.tsv|db/data/round3h/batch5/relationship_evidence_claims.tsv|packages/flavor-data/src/descriptors.ts
product-review:100	MEDIUM	REVIEW_REQUIRED_RANKING_EFFECT	ranking-review:08:sensory.rose	Rose	Confirm that exploratory relations remain non-primary and choose an explicit disposition.						db/data/current/CLEANED_DESCRIPTOR_DISTRIBUTION.tsv|db/data/current/ONTOLOGY_CONSOLIDATION_V2.tsv|db/data/round3h/batch5/relationship_evidence_claims.tsv|packages/flavor-data/src/descriptors.ts
